,Topic,Words,Frequency,Timestamp,Name
0,-1,"nadiem, mendikbud, makarim, nadiem makarim, empat",1128,2019-10-30 09:18:43.029000+00:00,-1_kampus merdeka_kampus_program_mahasis...
1,0,"biaya, anak, mahal, uji nasional, gratis",802,2019-10-30 09:18:43.029000+00:00,0_biaya_anak_mahal_beasiswa
2,1,"nadiem, mendikbud, guru, nadiem makarim, makarim",400,2019-10-30 09:18:43.029000+00:00,1_kurikulum_kampus merdeka_kurikulum mer...
3,2,"hari guru, guru, guru nasional, selamat hari, indonesia",282,2019-10-30 09:18:43.029000+00:00,2_hari guru_guru nasional_nasional_selam...
4,3,"nadiem, ajar merdeka, mendikbud, mendikbud nadiem, merdeka ajar",241,2019-10-30 09:18:43.029000+00:00,3_ajar merdeka_merdeka ajar_ajar_apa
5,4,"sikap banyak, wilayah cina, hancur arena, longsor jabodetabek, makin sebar",2,2019-10-30 09:18:43.029000+00:00,4_pandemi_pandemi covid_covid_masa pande...
6,5,"video, dolan, on youtube, youtube, video mendikbud",21,2019-10-30 09:18:43.029000+00:00,5_youtube_kanal youtube_video_kanal
7,6,"ls merch, ofc semua, sedekah biar, mikir urus, puluh jam",2,2019-10-30 09:18:43.029000+00:00,6_lagu_lagu anak_nyanyi_musik
8,7,"menteri, menteri nadiem, mas menteri, nadiem, menteri budaya",139,2019-10-30 09:18:43.029000+00:00,7_menteri_mas menteri_mas_menteri nadiem
9,8,"islam, quran, al quran, al, sd muhammadiyah",36,2019-10-30 09:18:43.029000+00:00,8_islam_muhammadiyah_nabi_muhammad
10,9,"minggu giat, umum nitip, siapa olahraga, besok gratis, faedah berapa",10,2019-10-30 09:18:43.029000+00:00,9_jadwal_selamat pagi_jadwal acara_pagi
11,10,"smansa, era mana, pasuk era, tridharma, wall",9,2019-10-30 09:18:43.029000+00:00,10_simak sama_hari tampil_sasak_tampil
12,11,"danastra, tpm, kemdikbudri mendikbud, serentak kapal, kecil guru",24,2019-10-30 09:18:43.029000+00:00,11_bangkit_from_desember_reposted from
13,12,"komunitas pustaka, baca gtgt, kelana selenggara, misleading hak, misleading",3,2019-10-30 09:18:43.029000+00:00,12_lengkap laman_baca berita_berita leng...
14,13,"papua, bla, ambon papua, tengahtimur, orang tengahtimur",7,2019-10-30 09:18:43.029000+00:00,13_papua_otsus_papua barat_otonomi khusu...
15,14,"dokter, gtgt enggak, dokter mahal, hubung proses, berapa masuk",10,2019-10-30 09:18:43.029000+00:00,14_dokter_biaya dokter_jadi dokter_medis
16,15,"anak ajar, ind, pihak anak, juang ind, muat empat",13,2019-10-30 09:18:43.029000+00:00,15_anak_ayah_dini_usia dini
17,16,"mahalada sekarang, lahir mahalada, mahalada, biaya imunisasi, tentu biaya",1,2019-10-30 09:18:43.029000+00:00,16_vaksinasi_vaksinasi merdeka_vaksin_ti...
18,17,"literasi, numerasi, mampu nalar, literasi numerasi, nalar guna",23,2019-10-30 09:18:43.029000+00:00,17_literasi_numerasi_literasi numerasi_b...
19,18,"muat pra, lihat sertifikat, sertifikat muat, jangan lihat, pra",1,2019-10-30 09:18:43.029000+00:00,18_sertifikat_independen sertifikat_maga...
20,19,"ppp, perempuan ppp, awas politik, perempuan agen, dpw ppp",3,2019-10-30 09:18:43.029000+00:00,19_seksual_keras seksual_keras_perempuan
21,21,"titik gua, diri gua, sendiri minta, gua sendiri, luar tanggung",1,2019-10-30 09:18:43.029000+00:00,21_gua_gua enggak_merdeka gua_kampus gua
22,22,"haji rp, agama, rukun, buta rukun, buta",11,2019-10-30 09:18:43.029000+00:00,22_agama_ajar agama_iman_frasa agama
23,23,"matematika, butuh dar, pisa selesai, ala ajar, angka huruf",5,2019-10-30 09:18:43.029000+00:00,23_matematika_ajar matematika_matematika...
24,24,"renang, ibarat program, ibarat ajar, laut buka, kapal depan",4,2019-10-30 09:18:43.029000+00:00,24_ikan_laut_ilmu laut_mangrove
25,25,"untung kuliah, internship sedia, sini level, mei informasi, level university",1,2019-10-30 09:18:43.029000+00:00,25_internship_internship kampus_intern_i...
26,27,"mu ajar, gampang paling, expert buat, citacita mu, entar banyak",1,2019-10-30 09:18:43.029000+00:00,27_kewirausahaan_wirausaha_wirausaha mer...
27,28,"piala dunia, piala, rasa piala, sakit murah, dunia rasa",1,2019-10-30 09:18:43.029000+00:00,28_rumah sakit_adopsi_delapansmangat_del...
28,29,"sela, iv ta, sela sosialisasi, sosialisasi papar, materi lsp",2,2019-10-30 09:18:43.029000+00:00,29_barangjasa_ada barangjasa_ppdb_lkpp
29,30,"inovasi butuh, saat keluar, anakanak jago, sekarang pamer, jago hafal",3,2019-10-30 09:18:43.029000+00:00,30_inovasi_serentak inovasi_inovasi wuju...
30,-1,"biaya franchise, franchise, nadiem, biaya usaha, sd",1305,2020-01-31 05:59:35.277777778+00:00,-1_kampus merdeka_kampus_program_mahasis...
31,0,"biaya, bayar, spp, gopay, bayar spp",675,2020-01-31 05:59:35.277777778+00:00,0_biaya_anak_mahal_beasiswa
32,1,"kampus merdeka, kampus, guru, nadiem, terap kampus",488,2020-01-31 05:59:35.277777778+00:00,1_kurikulum_kampus merdeka_kurikulum mer...
33,2,"indonesia, naik biaya, isu naik, jakarta, tani cengkeh",141,2020-01-31 05:59:35.277777778+00:00,2_hari guru_guru nasional_nasional_selam...
34,3,"mending mending, ajar merdeka, laku coba, merdeka ajar, sederhana ikut",168,2020-01-31 05:59:35.277777778+00:00,3_ajar merdeka_merdeka ajar_ajar_apa
35,4,"masa darurat, virus, corona, laksana masa, darurat",176,2020-01-31 05:59:35.277777778+00:00,4_pandemi_pandemi covid_covid_masa pande...
36,5,"video, episode, youtube, sekolah alam, saksi program",42,2020-01-31 05:59:35.277777778+00:00,5_youtube_kanal youtube_video_kanal
37,6,"daerah asal, asal lagu, kayak tadi, bagaimana ekspresi, aku slh",5,2020-01-31 05:59:35.277777778+00:00,6_lagu_lagu anak_nyanyi_musik
38,7,"menteri, mas menteri, menteri budaya, nadiem, makarim",53,2020-01-31 05:59:35.277777778+00:00,7_menteri_mas menteri_mas_menteri nadiem
39,8,"islam minta, islam, corona islam, cegah sebar, ikut pemda",39,2020-01-31 05:59:35.277777778+00:00,8_islam_muhammadiyah_nabi_muhammad
40,9,"jadwal, ikut jadwal, jadwal acara, april, jaga sehat",66,2020-01-31 05:59:35.277777778+00:00,9_jadwal_selamat pagi_jadwal acara_pagi
41,10,"tangan bahasa, urai krisis, analisis urai, krisis karakter, said kudus",18,2020-01-31 05:59:35.277777778+00:00,10_simak sama_hari tampil_sasak_tampil
42,11,"pusat jokowi, apbn pusat, babagan, babagan cinta, lalala biaya",13,2020-01-31 05:59:35.277777778+00:00,11_bangkit_from_desember_reposted from
43,12,"unika, gtgtgtgt, news unika, unika gtgtgtgt, ltltltlt news",7,2020-01-31 05:59:35.277777778+00:00,12_lengkap laman_baca berita_berita leng...
44,13,"papua, kota jayapura, jayapura, realitas tindas, dalem papua",6,2020-01-31 05:59:35.277777778+00:00,13_papua_otsus_papua barat_otonomi khusu...
45,14,"dokter, medis, biaya dokter, tenaga medis, kemendikbud turun",27,2020-01-31 05:59:35.277777778+00:00,14_dokter_biaya dokter_jadi dokter_medis
46,15,"orang ibu, inifokus, kejar angkaangka, rumah bunda, inifokus mhd",13,2020-01-31 05:59:35.277777778+00:00,15_anak_ayah_dini_usia dini
47,16,"biologi kampanye, produk biologi, kampanye jaga, tubuh by, imunitas tubuh",6,2020-01-31 05:59:35.277777778+00:00,16_vaksinasi_vaksinasi merdeka_vaksin_ti...
48,17,"konsep literasi, literasi, buku, bahasa ntb, buku saku",7,2020-01-31 05:59:35.277777778+00:00,17_literasi_numerasi_literasi numerasi_b...
49,18,"jadi sinergi, sertifikat usaha, dikti program, sinergi positif, bumn kemendikbud",2,2020-01-31 05:59:35.277777778+00:00,18_sertifikat_independen sertifikat_maga...
50,19,"keras seksual, seksual, keras, bebas keras, seksual februari",10,2020-01-31 05:59:35.277777778+00:00,19_seksual_keras seksual_keras_perempuan
51,20,"university rangking, specific gigamicusa, agricultural, bagaimana dosen, baca remaja",4,2020-01-31 05:59:35.277777778+00:00,20_ipb university_university_baca lengka...
52,21,"gua, buruh pabrik, jadi buruh, gua nyinyir, sejak gua",5,2020-01-31 05:59:35.277777778+00:00,21_gua_gua enggak_merdeka gua_kampus gua
53,22,"agama sungguh, agama, pendeta, sholat jumat, sholat",9,2020-01-31 05:59:35.277777778+00:00,22_agama_ajar agama_iman_frasa agama
54,23,"matematika, matematika mantul, asah boleh, gabung matematika, lindung sama",5,2020-01-31 05:59:35.277777778+00:00,23_matematika_ajar matematika_matematika...
55,24,"episode kawan, desa episode, mustikawan, ajar alfin, shara kata",2,2020-01-31 05:59:35.277777778+00:00,24_ikan_laut_ilmu laut_mangrove
56,28,"cara realokasi, cerdas cara, aktif rumah, makarim ambil, sakit rawat",1,2020-01-31 05:59:35.277777778+00:00,28_rumah sakit_adopsi_delapansmangat_del...
57,29,"bkppd, kompetensi tuk, tuk pbj, bkppd kota, jasa tempat",2,2020-01-31 05:59:35.277777778+00:00,29_barangjasa_ada barangjasa_ppdb_lkpp
58,30,"inovasi tingkat, nilai inovasi, disdikpora gunungkidul, ajar disdikpora, gunungkidul kembang",5,2020-01-31 05:59:35.277777778+00:00,30_inovasi_serentak inovasi_inovasi wuju...
59,-1,"lomba, lagu, normal, indonesia syarat, syarat daftar",1704,2020-05-01 11:16:02.555555556+00:00,-1_kampus merdeka_kampus_program_mahasis...
60,0,"biaya, mahal, anak, bayar, uang",1155,2020-05-01 11:16:02.555555556+00:00,0_biaya_anak_mahal_beasiswa
61,1,"guru, kampus, sekolah, kampus merdeka, murid",435,2020-05-01 11:16:02.555555556+00:00,1_kurikulum_kampus merdeka_kurikulum mer...
62,2,"indonesia, hari nasional, nasional, hari, selamat",268,2020-05-01 11:16:02.555555556+00:00,2_hari guru_guru nasional_nasional_selam...
63,3,"seika, kila, ajar merdeka, nih, guna merdeka",263,2020-05-01 11:16:02.555555556+00:00,3_ajar merdeka_merdeka ajar_ajar_apa
64,4,"pandemi, pandemi covid, covid, masa pandemi, masa",383,2020-05-01 11:16:02.555555556+00:00,4_pandemi_pandemi covid_covid_masa pande...
65,5,"youtube, live, video, tonton, kila",129,2020-05-01 11:16:02.555555556+00:00,5_youtube_kanal youtube_video_kanal
66,6,"lagu, lagu anak, nyanyi, anakanak, lagulagu",585,2020-05-01 11:16:02.555555556+00:00,6_lagu_lagu anak_nyanyi_musik
67,7,"menteri, mas menteri, menteri budaya, mas, pak menteri",92,2020-05-01 11:16:02.555555556+00:00,7_menteri_mas menteri_mas_menteri nadiem
68,8,"islam, muhammadiyah, alquran, agama islam, agama",38,2020-05-01 11:16:02.555555556+00:00,8_islam_muhammadiyah_nabi_muhammad
69,9,"selamat pagi, jadwal, ikut jadwal, jadwal acara, pagi",95,2020-05-01 11:16:02.555555556+00:00,9_jadwal_selamat pagi_jadwal acara_pagi
70,10,"smpm pakai, smpm, muhdiatmoko mpd, muhdiatmoko, solo merdeka",22,2020-05-01 11:16:02.555555556+00:00,10_simak sama_hari tampil_sasak_tampil
71,11,"abdul mughni, lagu, hilmar farid, there is, hilmar",27,2020-05-01 11:16:02.555555556+00:00,11_bangkit_from_desember_reposted from
72,12,"digital eperpusdikbud, otomotif, edisi juni, eperpusdikbud, artikel jurnal",6,2020-05-01 11:16:02.555555556+00:00,12_lengkap laman_baca berita_berita leng...
73,13,"papua, otonomi khusus, otonomi, papua barat, papua papua",20,2020-05-01 11:16:02.555555556+00:00,13_papua_otsus_papua barat_otonomi khusu...
74,14,"medis, dokter, anak tim, tim medis, anies jamin",28,2020-05-01 11:16:02.555555556+00:00,14_dokter_biaya dokter_jadi dokter_medis
75,15,"bayi punya, anak, bayi, kunci mampu, konten anak",34,2020-05-01 11:16:02.555555556+00:00,15_anak_ayah_dini_usia dini
76,16,"anggap justru, sektor anggap, dewasa indonesia, otg pasien, otg",1,2020-05-01 11:16:02.555555556+00:00,16_vaksinasi_vaksinasi merdeka_vaksin_ti...
77,17,"literasi, gerak literasi, literasi sekolah, bu lho, kesal bu",9,2020-05-01 11:16:02.555555556+00:00,17_literasi_numerasi_literasi numerasi_b...
78,19,"seksual, keras seksual, kesah ruu, ruu hapus, hapus keras",8,2020-05-01 11:16:02.555555556+00:00,19_seksual_keras seksual_keras_perempuan
79,20,"biologi kampus, silaturahmi tuju, tuju biologi, syawal sivitas, biologi tema",1,2020-05-01 11:16:02.555555556+00:00,20_ipb university_university_baca lengka...
80,21,"gua, gua enga, enga, sisi gua, dukung new",9,2020-05-01 11:16:02.555555556+00:00,21_gua_gua enggak_merdeka gua_kampus gua
81,22,"agama, siap afirmasi, ibu bapa, khusus pesantren, pesantren agama",10,2020-05-01 11:16:02.555555556+00:00,22_agama_ajar agama_iman_frasa agama
82,23,"menyenagkan gratis, lebih menyenagkan, jawab terap, aksioma putus, aplikasi sd",3,2020-05-01 11:16:02.555555556+00:00,23_matematika_ajar matematika_matematika...
83,24,"fok undiksha, fok, vietnam cina, jadi fok, bicara masalah",2,2020-05-01 11:16:02.555555556+00:00,24_ikan_laut_ilmu laut_mangrove
84,27,"kewirausahaan, workshop kewirausahaan, kewirausahaan kampus, new economy, spektakuler yayasan",7,2020-05-01 11:16:02.555555556+00:00,27_kewirausahaan_wirausaha_wirausaha mer...
85,28,"rumah sakit, sakit, tenaga medis, yagoodbnr dki, cacing pribumi",4,2020-05-01 11:16:02.555555556+00:00,28_rumah sakit_adopsi_delapansmangat_del...
86,29,"ppdb, saksama infografis, pusat atur, baru ppdb, bagaimana perintah",16,2020-05-01 11:16:02.555555556+00:00,29_barangjasa_ada barangjasa_ppdb_lkpp
87,30,"toon, tina toon, tina, mudah balik, maupun kondisi",5,2020-05-01 11:16:02.555555556+00:00,30_inovasi_serentak inovasi_inovasi wuju...
88,-1,"rumah ajar, indonesia, logo, logo kampus, ajar",1621,2020-07-31 16:32:29.833333336+00:00,-1_kampus merdeka_kampus_program_mahasis...
89,0,"biaya, beasiswa, uang, anak, bayar",938,2020-07-31 16:32:29.833333336+00:00,0_biaya_anak_mahal_beasiswa
90,1,"internet, internet merdeka, telkomsel, kartu, kartu internet",659,2020-07-31 16:32:29.833333336+00:00,1_kurikulum_kampus merdeka_kurikulum mer...
91,2,"indonesia, republik indonesia, merdeka indonesia, republik, dirgahayu",288,2020-07-31 16:32:29.833333336+00:00,2_hari guru_guru nasional_nasional_selam...
92,3,"merdeka ajar, ajar merdeka, ajar, merek, jamkos",287,2020-07-31 16:32:29.833333336+00:00,3_ajar merdeka_merdeka ajar_ajar_apa
93,4,"pandemi, pandemi covid, masa pandemi, covid, ajar masa",198,2020-07-31 16:32:29.833333336+00:00,4_pandemi_pandemi covid_covid_masa pande...
94,5,"sye, youtube, trading, live, instagram",35,2020-07-31 16:32:29.833333336+00:00,5_youtube_kanal youtube_video_kanal
95,6,"lagu, hari merdeka, lagu hari, ajar lagu, nyanyi lagu",13,2020-07-31 16:32:29.833333336+00:00,6_lagu_lagu anak_nyanyi_musik
96,7,"menteri, menteri budaya, ganti, menteri ganti, mas menteri",60,2020-07-31 16:32:29.833333336+00:00,7_menteri_mas menteri_mas_menteri nadiem
97,8,"islam, islamisasi, universitas islam, maulid nabi, maulid",40,2020-07-31 16:32:29.833333336+00:00,8_islam_muhammadiyah_nabi_muhammad
98,9,"jadwal acara, selamat pagi, acara hari, jadwal, ikut jadwal",82,2020-07-31 16:32:29.833333336+00:00,9_jadwal_selamat pagi_jadwal acara_pagi
99,10,"bunda chichi, chichi, notes, chichi notes, smpn cibadak",22,2020-07-31 16:32:29.833333336+00:00,10_simak sama_hari tampil_sasak_tampil
100,11,"billy, dek nila, tv rumah, sampeyan sibuk, ayo cerdas",28,2020-07-31 16:32:29.833333336+00:00,11_bangkit_from_desember_reposted from
101,12,"kompetisi sains, sains nasional, unika, bincangbincang, news unika",4,2020-07-31 16:32:29.833333336+00:00,12_lengkap laman_baca berita_berita leng...
102,13,"papua, otsus, inews, papua tengah, papua barat",34,2020-07-31 16:32:29.833333336+00:00,13_papua_otsus_papua barat_otonomi khusu...
103,14,"dokter, biaya dokter, medis, mahasiswa doktor, doktor",32,2020-07-31 16:32:29.833333336+00:00,14_dokter_biaya dokter_jadi dokter_medis
104,15,"stimulasi, kids safe, leanak, ingin puji, kurikulum new",14,2020-07-31 16:32:29.833333336+00:00,15_anak_ayah_dini_usia dini
105,16,"coba apa, numerasi vaksin, covid tahap, tahap uji, vaksin covid",1,2020-07-31 16:32:29.833333336+00:00,16_vaksinasi_vaksinasi merdeka_vaksin_ti...
106,17,"numerasi, literasi numerasi, covid literasi, tematik covid, kkn tematik",29,2020-07-31 16:32:29.833333336+00:00,17_literasi_numerasi_literasi numerasi_b...
107,18,"materi sertifikat, sertifikat, download materi, siap tara, jk ulama",5,2020-07-31 16:32:29.833333336+00:00,18_sertifikat_independen sertifikat_maga...
108,19,"mkp, definisi merdeka, lakilaki, penuh quotanya, guna camaba",6,2020-07-31 16:32:29.833333336+00:00,19_seksual_keras seksual_keras_perempuan
109,21,"gua, biar bandung, gangluarinblm, bandung kuliah, uang emak",8,2020-07-31 16:32:29.833333336+00:00,21_gua_gua enggak_merdeka gua_kampus gua
110,22,"agama, bantai, romo pastur, dibully siapasuka, madiun bantai",9,2020-07-31 16:32:29.833333336+00:00,22_agama_ajar agama_iman_frasa agama
111,23,"tugas matematika, matematika, kelas tugas, putri anelia, anelia",11,2020-07-31 16:32:29.833333336+00:00,23_matematika_ajar matematika_matematika...
112,24,"ilmu laut, laut, laut fakultas, lokakarya kurikulum, tegal siap",5,2020-07-31 16:32:29.833333336+00:00,24_ikan_laut_ilmu laut_mangrove
113,25,"tuh jaman, internship student, dibanyakin, dibanyakin tugas, research internship",1,2020-07-31 16:32:29.833333336+00:00,25_internship_internship kampus_intern_i...
114,26,"batik, batik level, level, level bagi, tik",44,2020-07-31 16:32:29.833333336+00:00,26_batik_batik level_level_level tahun
115,27,"ugm sukses, sukses terap, kewirausahaan, dekat sociopreneur, sociopreneur ugm",8,2020-07-31 16:32:29.833333336+00:00,27_kewirausahaan_wirausaha_wirausaha mer...
116,28,"cepat terap, salut unismuh, kemendikbud salut, ahli kemendikbud, unismuh cepat",1,2020-07-31 16:32:29.833333336+00:00,28_rumah sakit_adopsi_delapansmangat_del...
117,29,"bidang aparatur, unram tingkat, fgd evaluasi, afirmasi pusbindiklatren, sektoral implementasi",3,2020-07-31 16:32:29.833333336+00:00,29_barangjasa_ada barangjasa_ppdb_lkpp
118,30,"andal teknologi, teknologi cermin, ajar andal, cermin masa, akselerasi merdeka",6,2020-07-31 16:32:29.833333336+00:00,30_inovasi_serentak inovasi_inovasi wuju...
119,-1,"cm, bangkit semangat, bangkit, semangat wujud, semangat",805,2020-10-30 21:48:57.111111112+00:00,-1_kampus merdeka_kampus_program_mahasis...
120,0,"biaya, biaya skema, skema cicil, bayar, cicil",410,2020-10-30 21:48:57.111111112+00:00,0_biaya_anak_mahal_beasiswa
121,1,"cm, kampus, kampus merdeka, guru, program merdeka",277,2020-10-30 21:48:57.111111112+00:00,1_kurikulum_kampus merdeka_kurikulum mer...
122,2,"bangkit semangat, semangat wujud, bangkit, guru nasional, hari guru",471,2020-10-30 21:48:57.111111112+00:00,2_hari guru_guru nasional_nasional_selam...
123,3,"koprol, tembolok, gang, kaleng, main",133,2020-10-30 21:48:57.111111112+00:00,3_ajar merdeka_merdeka ajar_ajar_apa
124,4,"pandemi, pandemi covid, masa pandemi, covid, tengah pandemi",81,2020-10-30 21:48:57.111111112+00:00,4_pandemi_pandemi covid_covid_masa pande...
125,5,"episode enam, enam, tiga terobos, ajar episode, episode",33,2020-10-30 21:48:57.111111112+00:00,5_youtube_kanal youtube_video_kanal
126,6,"ngutip, sembarang ngutip, motivasi gurguru, mudahmudahan motivasi, lagu implementasi",2,2020-10-30 21:48:57.111111112+00:00,6_lagu_lagu anak_nyanyi_musik
127,7,"menteri, mas menteri, transformasi dana, menteri budaya, mas",35,2020-10-30 21:48:57.111111112+00:00,7_menteri_mas menteri_mas_menteri nadiem
128,8,"islam, layak cukup, islam laku, rakyat dapat, nonmuslim",30,2020-10-30 21:48:57.111111112+00:00,8_islam_muhammadiyah_nabi_muhammad
129,9,"simak jadwal, selamat pagi, jadwal, pagi, jadwal acara",75,2020-10-30 21:48:57.111111112+00:00,9_jadwal_selamat pagi_jadwal acara_pagi
130,10,"bahasa rejang, rejang, kata danau, rejang bahasa, rejang kata",16,2020-10-30 21:48:57.111111112+00:00,10_simak sama_hari tampil_sasak_tampil
131,11,"ggak, maju bangkit, from selamat, from, reposted from",11,2020-10-30 21:48:57.111111112+00:00,11_bangkit_from_desember_reposted from
132,12,"gossip, nyata responden, academics, apa sasar, kamis kamu",3,2020-10-30 21:48:57.111111112+00:00,12_lengkap laman_baca berita_berita leng...
133,13,"papua, otsus, dana otsus, otonomi khusus, papua dapat",9,2020-10-30 21:48:57.111111112+00:00,13_papua_otsus_papua barat_otonomi khusu...
134,14,"dokter, bayang rawat, pain buat, selesai ahahahaha, dokter jarang",6,2020-10-30 21:48:57.111111112+00:00,14_dokter_biaya dokter_jadi dokter_medis
135,15,"simbolsimbol, keluh waktu, ambarwati taman, sarjana megister, sambut semangat",9,2020-10-30 21:48:57.111111112+00:00,15_anak_ayah_dini_usia dini
136,16,"vaksin, vaksinasi, vaksin enggak, tak jerat, tulis pedagogi",5,2020-10-30 21:48:57.111111112+00:00,16_vaksinasi_vaksinasi merdeka_vaksin_ti...
137,17,"nyata ekspresi, damping sosialisasi, literasi sekat, tema kkn, muda laku",6,2020-10-30 21:48:57.111111112+00:00,17_literasi_numerasi_literasi numerasi_b...
138,18,"kalo inputnya, halhal sangkut, komersialisasi bentuk, kemudian halhal, semester kemudian",2,2020-10-30 21:48:57.111111112+00:00,18_sertifikat_independen sertifikat_maga...
139,19,"seksual kamis, password seminar, wita meeting, id password, seminar informasi",1,2020-10-30 21:48:57.111111112+00:00,19_seksual_keras seksual_keras_perempuan
140,21,"gua, banget gua, kampus gua, adekadek gua, sumpah tarik",5,2020-10-30 21:48:57.111111112+00:00,21_gua_gua enggak_merdeka gua_kampus gua
141,22,"hti, doktrin, agama, beku hti, prof selalu",5,2020-10-30 21:48:57.111111112+00:00,22_agama_ajar agama_iman_frasa agama
142,23,"bahas besok, education ideal, diri publikasi, digital journal, journal of",2,2020-10-30 21:48:57.111111112+00:00,23_matematika_ajar matematika_matematika...
143,24,"hasil pedoman, undiksha hasil, layan unggul, penjaskesrek undiksha, wujud pusat",1,2020-10-30 21:48:57.111111112+00:00,24_ikan_laut_ilmu laut_mangrove
144,25,"homelab, internship, internship halo, telkom ga, entrepreneurship buah",3,2020-10-30 21:48:57.111111112+00:00,25_internship_internship kampus_intern_i...
145,27,"bisnisusahadagang merdeka, bisnisusahadagang, ajar bisnisusahadagang, pengin ajar, merdeka bantu",1,2020-10-30 21:48:57.111111112+00:00,27_kewirausahaan_wirausaha_wirausaha mer...
146,29,"pegawai lewat, uji guna, vidcon fasilitas, lewat ijin, lewat vidcon",1,2020-10-30 21:48:57.111111112+00:00,29_barangjasa_ada barangjasa_ppdb_lkpp
147,30,"inovasi temu, wenang laku, sejak desentralisasi, inovasi apa, daerah inovasi",1,2020-10-30 21:48:57.111111112+00:00,30_inovasi_serentak inovasi_inovasi wuju...
148,-1,"program, sekolah gerak, program sekolah, ajar episode, luncur merdeka",1150,2021-01-30 03:05:24.388888888+00:00,-1_kampus merdeka_kampus_program_mahasis...
149,0,"biaya, anak, biaya anak, beasiswa, bantu biaya",730,2021-01-30 03:05:24.388888888+00:00,0_biaya_anak_mahal_beasiswa
150,1,"bantu kuota, kampus, kampus merdeka, kampus ajar, kuota",421,2021-01-30 03:05:24.388888888+00:00,1_kurikulum_kampus merdeka_kurikulum mer...
151,2,"indonesia, mahasiswa seluruh, baru imlek, kartu indonesia, imlek",154,2021-01-30 03:05:24.388888888+00:00,2_hari guru_guru nasional_nasional_selam...
152,3,"cebong, cebong dulu, bela ibu, terus masuk, ajar merdeka",129,2021-01-30 03:05:24.388888888+00:00,3_ajar merdeka_merdeka ajar_ajar_apa
153,4,"pandemi, masa pandemi, pandemi covid, audiensi biaya, tengah pandemi",62,2021-01-30 03:05:24.388888888+00:00,4_pandemi_pandemi covid_covid_masa pande...
154,5,"youtube, kanal youtube, wib kanal, kanal, kemendikbud ri",35,2021-01-30 03:05:24.388888888+00:00,5_youtube_kanal youtube_video_kanal
155,6,"musik, apresiasi musik, karya musik, tingkat apresiasi, musik tradisional",21,2021-01-30 03:05:24.388888888+00:00,6_lagu_lagu anak_nyanyi_musik
156,7,"menteri, skb, mas menteri, skb tiga, tiga menteri",40,2021-01-30 03:05:24.388888888+00:00,7_menteri_mas menteri_mas_menteri nadiem
157,8,"islam, muhammadiyah, muslim, muhammad, ingat isra",43,2021-01-30 03:05:24.388888888+00:00,8_islam_muhammadiyah_nabi_muhammad
158,9,"selamat pagi, simak jadwal, pagi, jadwal, maret selamat",43,2021-01-30 03:05:24.388888888+00:00,9_jadwal_selamat pagi_jadwal acara_pagi
159,10,"sasak lombok, bahasa sasak, lombok, sasak, konten hari",21,2021-01-30 03:05:24.388888888+00:00,10_simak sama_hari tampil_sasak_tampil
160,11,"sibuk kumpul, lanny, lanny jaya, haya, ashanty",16,2021-01-30 03:05:24.388888888+00:00,11_bangkit_from_desember_reposted from
161,12,"jurnal, newsletter, terbit, tulis karya, kali tahun",9,2021-01-30 03:05:24.388888888+00:00,12_lengkap laman_baca berita_berita leng...
162,13,"papua, otsus, masyarakat papua, papua barat, otsus papua",29,2021-01-30 03:05:24.388888888+00:00,13_papua_otsus_papua barat_otonomi khusu...
163,14,"dokter, jadi dokter, nya mahal, dokter mahal, biaya dokter",11,2021-01-30 03:05:24.388888888+00:00,14_dokter_biaya dokter_jadi dokter_medis
164,15,"toleransi sejak, sikapsikap, sikapsikap toleransi, karakter masuk, bangun pribadi",12,2021-01-30 03:05:24.388888888+00:00,15_anak_ayah_dini_usia dini
165,16,"vaksin, vaksinasi, vaksin lebih, vokasi kartu, gtk vaksinasi",14,2021-01-30 03:05:24.388888888+00:00,16_vaksinasi_vaksinasi merdeka_vaksin_ti...
166,17,"literasi, jelas salam, pernah bertanyatanya, salam literasi, bertanyatanya",17,2021-01-30 03:05:24.388888888+00:00,17_literasi_numerasi_literasi numerasi_b...
167,18,"usaha rekrutmen, magang label, kemarin unhas, paska kampus, diskusi dunia",3,2021-01-30 03:05:24.388888888+00:00,18_sertifikat_independen sertifikat_maga...
168,19,"perempuan, keras seksual, seksual, gender, feminisme",10,2021-01-30 03:05:24.388888888+00:00,19_seksual_keras seksual_keras_perempuan
169,20,"merdeka halal, center lppm, bio narahubung, hsc mobile, narahubung hsc",1,2021-01-30 03:05:24.388888888+00:00,20_ipb university_university_baca lengka...
170,21,"gua, kampus gua, gua enggak, koordinatorin, anjir mikir",7,2021-01-30 03:05:24.388888888+00:00,21_gua_gua enggak_merdeka gua_kampus gua
171,22,"agama, frasa agama, frasa, utama shalat, nashihin",35,2021-01-30 03:05:24.388888888+00:00,22_agama_ajar agama_iman_frasa agama
172,23,"matematika, jurus matematika, edumat, wahana komunikasi, halo kompetisi",8,2021-01-30 03:05:24.388888888+00:00,23_matematika_ajar matematika_matematika...
173,24,"cakep, bareng tadi, laut terus, untung asik, alias cakep",2,2021-01-30 03:05:24.388888888+00:00,24_ikan_laut_ilmu laut_mangrove
174,25,"muda sekarang, sok kembang, semester muda, diri lebih, banget semester",1,2021-01-30 03:05:24.388888888+00:00,25_internship_internship kampus_intern_i...
175,26,"ikut batik, batik, sama portal, program bimtek, siap ikut",3,2021-01-30 03:05:24.388888888+00:00,26_batik_batik level_level_level tahun
176,27,"workshop kewirausahaan, wirausaha mahasiswa, kewirausahaan mahasiswa, kewirausahaan, wirausaha",6,2021-01-30 03:05:24.388888888+00:00,27_kewirausahaan_wirausaha_wirausaha mer...
177,29,"rumus strategis, pumpun rumus, diklat pip, strategis bangun, deputi bidang",3,2021-01-30 03:05:24.388888888+00:00,29_barangjasa_ada barangjasa_ppdb_lkpp
178,30,"tani milenial, inovasi baru, inovasi, bergizimengoptimalkan, asumsi konsep",6,2021-01-30 03:05:24.388888888+00:00,30_inovasi_serentak inovasi_inovasi wuju...
179,-1,"kampus merdeka, kampus, magang, program, program kampus",2403,2021-05-01 08:21:51.666666672+00:00,-1_kampus merdeka_kampus_program_mahasis...
180,0,"beasiswa, biaya, anak, bayar, mahal",444,2021-05-01 08:21:51.666666672+00:00,0_biaya_anak_mahal_beasiswa
181,1,"kampus merdeka, magang, kampus, magang kampus, merdeka enggak",1032,2021-05-01 08:21:51.666666672+00:00,1_kurikulum_kampus merdeka_kurikulum mer...
182,2,"hari nasional, serentak gerak, gerak wujud, serentak, wujud merdeka",675,2021-05-01 08:21:51.666666672+00:00,2_hari guru_guru nasional_nasional_selam...
183,3,"gerak wujud, serentak gerak, ajar merdeka, wujud merdeka, hardiknas",211,2021-05-01 08:21:51.666666672+00:00,3_ajar merdeka_merdeka ajar_ajar_apa
184,4,"pandemi, pandemi covid, covid, masa pandemi, tengah pandemi",103,2021-05-01 08:21:51.666666672+00:00,4_pandemi_pandemi covid_covid_masa pande...
185,5,"youtube, saksi, kanal youtube, kanal, instagram",51,2021-05-01 08:21:51.666666672+00:00,5_youtube_kanal youtube_video_kanal
186,6,"sungsang, sungsang nama, nama, lagu, lagu anak",1,2021-05-01 08:21:51.666666672+00:00,6_lagu_lagu anak_nyanyi_musik
187,7,"menteri, mas menteri, mas, menteri nadiem, giat magang",30,2021-05-01 08:21:51.666666672+00:00,7_menteri_mas menteri_mas_menteri nadiem
188,8,"islam, muslim, hmi, ppn sembako, mushola",22,2021-05-01 08:21:51.666666672+00:00,8_islam_muhammadiyah_nabi_muhammad
189,9,"selamat pagi, pagi, vidio useetv, useetv, mei vidio",13,2021-05-01 08:21:51.666666672+00:00,9_jadwal_selamat pagi_jadwal acara_pagi
190,10,"bahasa sasak, sasak lombok, sasak, lombok, rushty",22,2021-05-01 08:21:51.666666672+00:00,10_simak sama_hari tampil_sasak_tampil
191,11,"serentak gerak, gerak wujud, hasil verifikasi, pakcik, bangkit",39,2021-05-01 08:21:51.666666672+00:00,11_bangkit_from_desember_reposted from
192,12,"daftar bimtek, jurnal ilmiah, jurnal, mati khusus, tahun cakup",7,2021-05-01 08:21:51.666666672+00:00,12_lengkap laman_baca berita_berita leng...
193,13,"papua, smrp, xx papua, manokwari, pekan olahraga",8,2021-05-01 08:21:51.666666672+00:00,13_papua_otsus_papua barat_otonomi khusu...
194,14,"dokter, langka eeeh, orang panik, adik sidoarjo, meanwhile biaya",5,2021-05-01 08:21:51.666666672+00:00,14_dokter_biaya dokter_jadi dokter_medis
195,15,"bidang suka, esensi beri, gelut bidang, suka merdeka, gelut",15,2021-05-01 08:21:51.666666672+00:00,15_anak_ayah_dini_usia dini
196,16,"vaksinasi, vaksinasi ajar, sukses vaksinasi, vaksin, program vaksinasi",22,2021-05-01 08:21:51.666666672+00:00,16_vaksinasi_vaksinasi merdeka_vaksin_ti...
197,17,"jelas salam, bertanyatanya guna, pernah bertanyatanya, literasi, salam literasi",18,2021-05-01 08:21:51.666666672+00:00,17_literasi_numerasi_literasi numerasi_b...
198,18,"sertifikat, independen sertifikat, studi independen, independen, magang studi",20,2021-05-01 08:21:51.666666672+00:00,18_sertifikat_independen sertifikat_maga...
199,19,"dosenpejabat, anggar pihak, seksual kesewenangwenangan, dosenpejabat kampus, dua satu",4,2021-05-01 08:21:51.666666672+00:00,19_seksual_keras seksual_keras_perempuan
200,20,"ipb university, university, lengkap summer, baca lengkap, ipb",7,2021-05-01 08:21:51.666666672+00:00,20_ipb university_university_baca lengka...
201,21,"gua, gua enggak, merdeka gua, gua apply, gua kan",21,2021-05-01 08:21:51.666666672+00:00,21_gua_gua enggak_merdeka gua_kampus gua
202,22,"ehem, neraka, surga, surga laku, bersmaa transformasi",5,2021-05-01 08:21:51.666666672+00:00,22_agama_ajar agama_iman_frasa agama
203,23,"matematika, sudan selatan, tahun sudan, negara muda, selatan rupa",6,2021-05-01 08:21:51.666666672+00:00,23_matematika_ajar matematika_matematika...
204,24,"ikan, progate ikan, ikan program, coding mahasiswa, studi coding",9,2021-05-01 08:21:51.666666672+00:00,24_ikan_laut_ilmu laut_mangrove
205,25,"internship, internship kampus, intern, masuk bus, program internship",48,2021-05-01 08:21:51.666666672+00:00,25_internship_internship kampus_intern_i...
206,26,"kreasi motif, level sukses, cirebon kreasi, khas ciwaringin, dosen ugj",3,2021-05-01 08:21:51.666666672+00:00,26_batik_batik level_level_level tahun
207,27,"rumah lokapreneur, lokapreneur lokalate, lokapreneur, lokalate, nutrifood",3,2021-05-01 08:21:51.666666672+00:00,27_kewirausahaan_wirausaha_wirausaha mer...
208,28,"oksigen telat, langka masker, waspada enggak, apd sempat, kelam korban",1,2021-05-01 08:21:51.666666672+00:00,28_rumah sakit_adopsi_delapansmangat_del...
209,29,"prediksi kompetensi, hempas, ppdb, prediksi, persentil",7,2021-05-01 08:21:51.666666672+00:00,29_barangjasa_ada barangjasa_ppdb_lkpp
210,30,"disdik jabar, jabar dukung, inovasi, tiga inovasi, luncur tiga",9,2021-05-01 08:21:51.666666672+00:00,30_inovasi_serentak inovasi_inovasi wuju...
211,-1,"vokasi, kampus merdeka, kampus, program, mahasiswa",1410,2021-07-31 13:38:18.944444448+00:00,-1_kampus merdeka_kampus_program_mahasis...
212,0,"biaya, bantu biaya, anak, biaya anak, piatu",676,2021-07-31 13:38:18.944444448+00:00,0_biaya_anak_mahal_beasiswa
213,1,"kampus merdeka, kampus, magang kampus, magang, enggak",558,2021-07-31 13:38:18.944444448+00:00,1_kurikulum_kampus merdeka_kurikulum mer...
214,2,"indonesia, vokasi indonesia, kenal sistem, sistem tinggi, tinggi vokasi",171,2021-07-31 13:38:18.944444448+00:00,2_hari guru_guru nasional_nasional_selam...
215,3,"ajar merdeka, chan, exo, halah merdeka, ngeden",95,2021-07-31 13:38:18.944444448+00:00,3_ajar merdeka_merdeka ajar_ajar_apa
216,4,"pandemi, masa pandemi, pandemi covid, covid, masa",60,2021-07-31 13:38:18.944444448+00:00,4_pandemi_pandemi covid_covid_masa pande...
217,5,"youtube, saksi youtube, diri saksi, live, saksi",32,2021-07-31 13:38:18.944444448+00:00,5_youtube_kanal youtube_video_kanal
218,6,"agama masa, inspirasi moderasi, hobi musik, moderasi, moderasi agama",4,2021-07-31 13:38:18.944444448+00:00,6_lagu_lagu anak_nyanyi_musik
219,7,"pak menteri, suap, kaus, menteri, sih suap",13,2021-07-31 13:38:18.944444448+00:00,7_menteri_mas menteri_mas_menteri nadiem
220,8,"maulid nabi, nabi, nabi muhammad, islam, maulid",37,2021-07-31 13:38:18.944444448+00:00,8_islam_muhammadiyah_nabi_muhammad
221,9,"akhir pekan, buat lo, pekan, asesmen, asesmen nasional",11,2021-07-31 13:38:18.944444448+00:00,9_jadwal_selamat pagi_jadwal acara_pagi
222,10,"bahasa sasak, sasak, braille, huruf, ck",23,2021-07-31 13:38:18.944444448+00:00,10_simak sama_hari tampil_sasak_tampil
223,11,"umrah, pkkmb umrah, pantang nikah, vino, nim",19,2021-07-31 13:38:18.944444448+00:00,11_bangkit_from_desember_reposted from
224,12,"lengkap laman, laman, baca berita, berita, berita lengkap",23,2021-07-31 13:38:18.944444448+00:00,12_lengkap laman_baca berita_berita leng...
225,13,"papua, otsus, asrama taruna, taruna papua, kejar maju",18,2021-07-31 13:38:18.944444448+00:00,13_papua_otsus_papua barat_otonomi khusu...
226,14,"dokter, apoteker, pasien bagi, hebart paksa, adil ekonomi",6,2021-07-31 13:38:18.944444448+00:00,14_dokter_biaya dokter_jadi dokter_medis
227,15,"tumbuh sehat, anak tumbuh, cemas, perlu konsep, narasum",9,2021-07-31 13:38:18.944444448+00:00,15_anak_ayah_dini_usia dini
228,16,"vaksinasi, vaksinasi merdeka, tinjau, tinjau vaksinasi, kapolri",124,2021-07-31 13:38:18.944444448+00:00,16_vaksinasi_vaksinasi merdeka_vaksin_ti...
229,17,"literasi, jelas salam, kutu buku, pernah bertanyatanya, kutu",11,2021-07-31 13:38:18.944444448+00:00,17_literasi_numerasi_literasi numerasi_b...
230,18,"sertifikat, magang sertifikat, telecommunication, digital research, telkom corporate",15,2021-07-31 13:38:18.944444448+00:00,18_sertifikat_independen sertifikat_maga...
231,19,"perempuan, keras seksual, imun, partisipasi usd, konferensi online",12,2021-07-31 13:38:18.944444448+00:00,19_seksual_keras seksual_keras_perempuan
232,20,"rekor, baca lengkap, ipb university, ipb, vokasi ipb",6,2021-07-31 13:38:18.944444448+00:00,20_ipb university_university_baca lengka...
233,21,"gua, ha, gantungin sama, gua punya, gantungin",15,2021-07-31 13:38:18.944444448+00:00,21_gua_gua enggak_merdeka gua_kampus gua
234,22,"agama, data agama, jangan pikir, penting kamu, sama allah",7,2021-07-31 13:38:18.944444448+00:00,22_agama_ajar agama_iman_frasa agama
235,23,"sudan selatan, negara muda, tahun sudan, selatan rupa, trivia merdeka",6,2021-07-31 13:38:18.944444448+00:00,23_matematika_ajar matematika_matematika...
236,24,"ikan, ikan uang, transformasi kolaborasi, tuju ekspor, tugas hak",8,2021-07-31 13:38:18.944444448+00:00,24_ikan_laut_ilmu laut_mangrove
237,25,"internship, internship kampus, program internship, intern, paid",13,2021-07-31 13:38:18.944444448+00:00,25_internship_internship kampus_intern_i...
238,26,"batik, buat batik, motif batik, batik nasional, hari batik",5,2021-07-31 13:38:18.944444448+00:00,26_batik_batik level_level_level tahun
239,27,"entrepreneurship, program juang, orang muda, entrepreneurship competencies, triputra",5,2021-07-31 13:38:18.944444448+00:00,27_kewirausahaan_wirausaha_wirausaha mer...
240,28,"cie ipb, ipb sekarang, sama depan, ukm gelar, darah kerja",2,2021-07-31 13:38:18.944444448+00:00,28_rumah sakit_adopsi_delapansmangat_del...
241,29,"barangjasa, lkpp raih, pusat selenggara, peringkat satu, satu kategori",1,2021-07-31 13:38:18.944444448+00:00,29_barangjasa_ada barangjasa_ppdb_lkpp
242,30,"inovasi merdeka, inovasi, teknologi inovasi, anri bangun, magang teaching",7,2021-07-31 13:38:18.944444448+00:00,30_inovasi_serentak inovasi_inovasi wuju...
243,-1,"kampus merdeka, magang, kampus, program, magang kampus",1559,2021-10-30 18:54:46.222222224+00:00,-1_kampus merdeka_kampus_program_mahasis...
244,0,"uang saku, saku, biaya, uang, cair",491,2021-10-30 18:54:46.222222224+00:00,0_biaya_anak_mahal_beasiswa
245,1,"magang kampus, kampus merdeka, magang, kampus, enggak",609,2021-10-30 18:54:46.222222224+00:00,1_kurikulum_kampus merdeka_kurikulum mer...
246,2,"hati pulih, gerak hati, hari guru, guru nasional, indonesia",195,2021-10-30 18:54:46.222222224+00:00,2_hari guru_guru nasional_nasional_selam...
247,3,"permen karet, ampun, balon, kondisi gimana, candi barong",101,2021-10-30 18:54:46.222222224+00:00,3_ajar merdeka_merdeka ajar_ajar_apa
248,4,"pandemi, voltamagz, masa pandemi, pandemi covid, nama virus",26,2021-10-30 18:54:46.222222224+00:00,4_pandemi_pandemi covid_covid_masa pande...
249,5,"youtube, youtube premium, hingga gb, kuota hingga, kuota merdeka",30,2021-10-30 18:54:46.222222224+00:00,5_youtube_kanal youtube_video_kanal
250,6,"sebut pdebatan, us yuk, sapalage, sapalage but, advokasi pihak",2,2021-10-30 18:54:46.222222224+00:00,6_lagu_lagu anak_nyanyi_musik
251,7,"kena ppks, ppks jadi, penuh buat, buat menteri, menteri kena",30,2021-10-30 18:54:46.222222224+00:00,7_menteri_mas menteri_mas_menteri nadiem
252,8,"muhammadiyah, milad muhammadiyah, covid tebar, nilai utama, tebar nilai",19,2021-10-30 18:54:46.222222224+00:00,8_islam_muhammadiyah_nabi_muhammad
253,9,"besok dasar, kalender tanggal, dasar kalender, gelar mulai, batas gelar",7,2021-10-30 18:54:46.222222224+00:00,9_jadwal_selamat pagi_jadwal acara_pagi
254,10,"lombok, sasak lombok, bahasa sasak, sasak, konten hari",32,2021-10-30 18:54:46.222222224+00:00,10_simak sama_hari tampil_sasak_tampil
255,11,"stikes indramayu, indramayu, stikes, desember, bk smasmk",23,2021-10-30 18:54:46.222222224+00:00,11_bangkit_from_desember_reposted from
256,12,"baca berita, lengkap laman, berita lengkap, berita, laman",32,2021-10-30 18:54:46.222222224+00:00,12_lengkap laman_baca berita_berita leng...
257,13,"papua, otsus maju, otsus, nasionalisme sempit, sdm papua",9,2021-10-30 18:54:46.222222224+00:00,13_papua_otsus_papua barat_otonomi khusu...
258,14,"jtsmt, jadi spesialis, pinter, psikologis sosial, menang lah",5,2021-10-30 18:54:46.222222224+00:00,14_dokter_biaya dokter_jadi dokter_medis
259,15,"main merdeka, jujur anak, usia dini, upat, halo ayah",10,2021-10-30 18:54:46.222222224+00:00,15_anak_ayah_dini_usia dini
260,16,"vaksinasi, imunisasi, launching imunisasi, vaksin, imunisasi siswa",20,2021-10-30 18:54:46.222222224+00:00,16_vaksinasi_vaksinasi merdeka_vaksin_ti...
261,17,"baca gt, singkat temu, target baca, gt buku, tt penting",2,2021-10-30 18:54:46.222222224+00:00,17_literasi_numerasi_literasi numerasi_b...
262,18,"sertifikat, independen sertifikat, sertifikat kampus, independen, studi independen",35,2021-10-30 18:54:46.222222224+00:00,18_sertifikat_independen sertifikat_maga...
263,19,"seksual, keras seksual, keras, merdeka keras, seksual lingkung",80,2021-10-30 18:54:46.222222224+00:00,19_seksual_keras seksual_keras_perempuan
264,20,"ipb university, ipb, baca lengkap, university, lengkap ipb",13,2021-10-30 18:54:46.222222224+00:00,20_ipb university_university_baca lengka...
265,21,"gua, gua ikut, teman gua, merdeka gua, ikut kampus",11,2021-10-30 18:54:46.222222224+00:00,21_gua_gua enggak_merdeka gua_kampus gua
266,22,"agama, kristen pas, masuk kristen, bikin heboh, kristen",10,2021-10-30 18:54:46.222222224+00:00,22_agama_ajar agama_iman_frasa agama
267,23,"sudan selatan, tahun sudan, negara muda, trivia merdeka, selatan rupa",6,2021-10-30 18:54:46.222222224+00:00,23_matematika_ajar matematika_matematika...
268,24,"akuakultur, beberapa staf, ikan tangkap, fkpt sektor, jaja mou",6,2021-10-30 18:54:46.222222224+00:00,24_ikan_laut_ilmu laut_mangrove
269,25,"internship, interns, wkkwkw, undergraduate students, internship bukan",9,2021-10-30 18:54:46.222222224+00:00,25_internship_internship kampus_intern_i...
270,26,"batik, tim fsrd, fsrd rancang, akselerasi produk, produk kain",3,2021-10-30 18:54:46.222222224+00:00,26_batik_batik level_level_level tahun
271,27,"mojolaban, kurikulum bangun, bangun tambah, ajar kel, kel klumprit",2,2021-10-30 18:54:46.222222224+00:00,27_kewirausahaan_wirausaha_wirausaha mer...
272,28,"kondisi jauh, aduk punya, diselasela kabar, sana kondisi, sudah campur",1,2021-10-30 18:54:46.222222224+00:00,28_rumah sakit_adopsi_delapansmangat_del...
273,29,"lokakarya risiko, selenggara final, tik jakarta, program teknis, program diklat",2,2021-10-30 18:54:46.222222224+00:00,29_barangjasa_ada barangjasa_ppdb_lkpp
274,30,"alam pangandaran, respon kreatif, pandan prinsip, mau indak, rigid jauh",3,2021-10-30 18:54:46.222222224+00:00,30_inovasi_serentak inovasi_inovasi wuju...
275,-1,"zenius, zenius studi, studi independen, independen, minggu",1180,2022-01-30 00:11:13.500000+00:00,-1_kampus merdeka_kampus_program_mahasis...
276,0,"biaya, beasiswa, bayar, uang, jateng",484,2022-01-30 00:11:13.500000+00:00,0_biaya_anak_mahal_beasiswa
277,1,"kurikulum, kurikulum merdeka, kampus merdeka, kampus, magang",361,2022-01-30 00:11:13.500000+00:00,1_kurikulum_kampus merdeka_kurikulum mer...
278,2,"indonesia, australia perancis, ajar pulih, pulih dunia, indonesia gunadarma",104,2022-01-30 00:11:13.500000+00:00,2_hari guru_guru nasional_nasional_selam...
279,3,"sobat minfeb, minfeb, jengkol, chincilla, dugong",82,2022-01-30 00:11:13.500000+00:00,3_ajar merdeka_merdeka ajar_ajar_apa
280,4,"pandemi, bencana, ajar akibat, pulih dunia, krisis ajar",17,2022-01-30 00:11:13.500000+00:00,4_pandemi_pandemi covid_covid_masa pande...
281,5,"youtube, lengkap kanal, streaming, kanal youtube, youtube hai",23,2022-01-30 00:11:13.500000+00:00,5_youtube_kanal youtube_video_kanal
282,6,"tebak alat, apa sedang, bunda lebih, musik apa, yuk tebak",5,2022-01-30 00:11:13.500000+00:00,6_lagu_lagu anak_nyanyi_musik
283,7,"menteri, suharti kata, remind me, jadi sob, keluar rapot",11,2022-01-30 00:11:13.500000+00:00,7_menteri_mas menteri_mas_menteri nadiem
284,8,"hnw dukung, umm gelontor, mahasiswa muslim, dana zakat, hnw",21,2022-01-30 00:11:13.500000+00:00,8_islam_muhammadiyah_nabi_muhammad
285,9,"daftar utbksbmptn, utbksbmptn, utbksbmptn hingga, tunda daftar, iisma deadline",5,2022-01-30 00:11:13.500000+00:00,9_jadwal_selamat pagi_jadwal acara_pagi
286,10,"subdialek dialek, sasak, subdialek, sasak lombok, lombok",23,2022-01-30 00:11:13.500000+00:00,10_simak sama_hari tampil_sasak_tampil
287,11,"enggak onok, rapor indonesia, nyepi caka, kerjo, nyepi",16,2022-01-30 00:11:13.500000+00:00,11_bangkit_from_desember_reposted from
288,12,"baca berita, berita lengkap, lengkap laman, berita, laman",17,2022-01-30 00:11:13.500000+00:00,12_lengkap laman_baca berita_berita leng...
289,13,"papua, beasiswa tingkat, papua bangun, manusia orang, daerah sendiri",9,2022-01-30 00:11:13.500000+00:00,13_papua_otsus_papua barat_otonomi khusu...
290,14,"dokter, biaya dokter, report endorse, kelompok badut, stfb",8,2022-01-30 00:11:13.500000+00:00,14_dokter_biaya dokter_jadi dokter_medis
291,15,"ayah ibu, main, ayah, anak yuk, simak beberapa",8,2022-01-30 00:11:13.500000+00:00,15_anak_ayah_dini_usia dini
292,16,"booster, vaksinasi, booster ramadhan, merdeka booster, binawan kelcawang",9,2022-01-30 00:11:13.500000+00:00,16_vaksinasi_vaksinasi merdeka_vaksin_ti...
293,17,"buku, buku baru, eye catching, selesai draft, tips tumbuh",9,2022-01-30 00:11:13.500000+00:00,17_literasi_numerasi_literasi numerasi_b...
294,18,"sertifikat, independen sertifikat, magang studi, studi independen, independen",13,2022-01-30 00:11:13.500000+00:00,18_sertifikat_independen sertifikat_maga...
295,19,"seksual, jahat seksual, perempuan, merdeka keras, keras seksual",7,2022-01-30 00:11:13.500000+00:00,19_seksual_keras seksual_keras_perempuan
296,20,"baca lengkap, ipb university, lengkap ipb, ipb, university",9,2022-01-30 00:11:13.500000+00:00,20_ipb university_university_baca lengka...
297,21,"gua, kalau gua, gua pengin, ajar filsafat, gua enggak",10,2022-01-30 00:11:13.500000+00:00,21_gua_gua enggak_merdeka gua_kampus gua
298,22,"cesar, gunungkidul, bayar aku, penting pranikah, btw paksa",2,2022-01-30 00:11:13.500000+00:00,22_agama_ajar agama_iman_frasa agama
299,23,"hmd matematika, matematika fmipa, hmd, matematika, negara muda",4,2022-01-30 00:11:13.500000+00:00,23_matematika_ajar matematika_matematika...
300,24,"rokhmin, vol lppm, kembang agroindustri, agroindustri kampus, ilmiah rektor",5,2022-01-30 00:11:13.500000+00:00,24_ikan_laut_ilmu laut_mangrove
301,25,"internship kampus, tokocypto macbook, usaha karwayannya, rolling, merdeka tokocypto",3,2022-01-30 00:11:13.500000+00:00,25_internship_internship kampus_intern_i...
302,27,"boarding jadi, presentasi business, salur dunia, asrama mantap, anakanak sedang",2,2022-01-30 00:11:13.500000+00:00,27_kewirausahaan_wirausaha_wirausaha mer...
303,29,"satlinmas, talkshow sosialisasi, amp utbk, anggota satlinmas, standar protokol",2,2022-01-30 00:11:13.500000+00:00,29_barangjasa_ada barangjasa_ppdb_lkpp
304,30,"depan warga, kemenkumham jatim, sumenep masa, peduli rutan, warga bina",1,2022-01-30 00:11:13.500000+00:00,30_inovasi_serentak inovasi_inovasi wuju...
305,-1,"kampus merdeka, kampus, program, magang, magang kampus",1717,2022-05-01 05:27:40.777777776+00:00,-1_kampus merdeka_kampus_program_mahasis...
306,0,"biaya, anak, orang, orang tua, tua",674,2022-05-01 05:27:40.777777776+00:00,0_biaya_anak_mahal_beasiswa
307,1,"kurikulum merdeka, kurikulum, alumni kampus, alumni, kampus merdeka",910,2022-05-01 05:27:40.777777776+00:00,1_kurikulum_kampus merdeka_kurikulum mer...
308,2,"indonesia, ekstensi jangan, pimpin pulih, ekstensi, tahun jakarta",136,2022-05-01 05:27:40.777777776+00:00,2_hari guru_guru nasional_nasional_selam...
309,3,"ajar merdeka, merdeka ajar, sobat konseling, efektif era, yuk curhat",115,2022-05-01 05:27:40.777777776+00:00,3_ajar merdeka_merdeka ajar_ajar_apa
310,4,"pandemi, pandemi covid, covid, masa pandemi, covid skb",24,2022-05-01 05:27:40.777777776+00:00,4_pandemi_pandemi covid_covid_masa pande...
311,5,"youtube, saksi, vocasia, youtube ditjen, kanal youtube",30,2022-05-01 05:27:40.777777776+00:00,5_youtube_kanal youtube_video_kanal
312,6,"hoho, musik dunia, hari musik, musisi, senandung nyanyi",5,2022-05-01 05:27:40.777777776+00:00,6_lagu_lagu anak_nyanyi_musik
313,7,"menteri, rekomendasi komunitas, paling progresif, bagus menteri, rejimnya mas",11,2022-05-01 05:27:40.777777776+00:00,7_menteri_mas menteri_mas_menteri nadiem
314,8,"islam, muhammadiyah, jilbab, mampu eksplorasi, lepas burung",22,2022-05-01 05:27:40.777777776+00:00,8_islam_muhammadiyah_nabi_muhammad
315,9,"lusa tulat, besok lusa, tubin, tulat, tulat tubin",7,2022-05-01 05:27:40.777777776+00:00,9_jadwal_selamat pagi_jadwal acara_pagi
316,10,"sasak lombok, lombok, sasak, bahasa sasak, konten hari",23,2022-05-01 05:27:40.777777776+00:00,10_simak sama_hari tampil_sasak_tampil
317,11,"kabar ui, normal apa, nasib biaya, indonesia era, tarbiyatunnasyiin",17,2022-05-01 05:27:40.777777776+00:00,11_bangkit_from_desember_reposted from
318,12,"nilai teknologi, jurnal, terbit teliti, kurikulum nilai, teliti kaji",4,2022-05-01 05:27:40.777777776+00:00,12_lengkap laman_baca berita_berita leng...
319,13,"papua, gratis papua, juang gratis, masyarakat papua, papua barat",8,2022-05-01 05:27:40.777777776+00:00,13_papua_otsus_papua barat_otonomi khusu...
320,14,"dokter, biaya dokter, dokter biaya, dokter mahal, pdsi dorong",23,2022-05-01 05:27:40.777777776+00:00,14_dokter_biaya dokter_jadi dokter_medis
321,15,"masa remaja, alhamdulillah ptm, antusias dengar, ayah milik, milik tantang",4,2022-05-01 05:27:40.777777776+00:00,15_anak_ayah_dini_usia dini
322,16,"imunisasi, cover, mahal bestie, syarat vaksin, muncul syarat",7,2022-05-01 05:27:40.777777776+00:00,16_vaksinasi_vaksinasi merdeka_vaksin_ti...
323,17,"kembang instrumen, nyaring, baca nyaring, instrumen nilai, literasi",9,2022-05-01 05:27:40.777777776+00:00,17_literasi_numerasi_literasi numerasi_b...
324,18,"sertifikat, independen sertifikat, magang studi, studi independen, independen",26,2022-05-01 05:27:40.777777776+00:00,18_sertifikat_independen sertifikat_maga...
325,19,"tingkat peran, perempuan tingkat, perempuan, peran perempuan, politik perempuan",9,2022-05-01 05:27:40.777777776+00:00,19_seksual_keras seksual_keras_perempuan
326,20,"bill collection, reconciliation, collection mbc, mandiri bill, mandiri reconciliation",5,2022-05-01 05:27:40.777777776+00:00,20_ipb university_university_baca lengka...
327,21,"gua, kaya gua, gua memang, gua mau, ajak gua",9,2022-05-01 05:27:40.777777776+00:00,21_gua_gua enggak_merdeka gua_kampus gua
328,22,"agama, orang ada, bukan masaalah, ketidakpahaman thd, kembang ciri",6,2022-05-01 05:27:40.777777776+00:00,22_agama_ajar agama_iman_frasa agama
329,23,"matematika, matematika kelas, ajar matematika, vol matematika, tingkat skor",7,2022-05-01 05:27:40.777777776+00:00,23_matematika_ajar matematika_matematika...
330,24,"mang dukung, pulih layan, dukung pulih, seluruh mang, imbau seluruh",13,2022-05-01 05:27:40.777777776+00:00,24_ikan_laut_ilmu laut_mangrove
331,25,"internship, intern, partner sama, ads digital, digital partner",12,2022-05-01 05:27:40.777777776+00:00,25_internship_internship kampus_intern_i...
332,26,"buka kihajar, kihajar kali, kali batik, kihajar, batik tema",3,2022-05-01 05:27:40.777777776+00:00,26_batik_batik level_level_level tahun
333,27,"kewirausahaan, wirausaha merdeka, wirausaha, program wirausaha, bagi implementasi",8,2022-05-01 05:27:40.777777776+00:00,27_kewirausahaan_wirausaha_wirausaha mer...
334,28,"mahal semangat, sakit enak, lihat mumet, tempuh sehat, mumet biaya",1,2022-05-01 05:27:40.777777776+00:00,28_rumah sakit_adopsi_delapansmangat_del...
335,29,"substantif ppg, substantif, ppg prajabatan, prajabatan, ppg",11,2022-05-01 05:27:40.777777776+00:00,29_barangjasa_ada barangjasa_ppdb_lkpp
336,30,"kolaborasi muncul, bidang sarana, inovasi inovasi, muncul inovasi, baru manfaat",2,2022-05-01 05:27:40.777777776+00:00,30_inovasi_serentak inovasi_inovasi wuju...
337,-1,"polibatam, wmk, giat, mahasiswa, program",2046,2022-07-31 10:44:08.055555552+00:00,-1_kampus merdeka_kampus_program_mahasis...
338,0,"beasiswa, biaya, biaya naik, naik, biaya anak",433,2022-07-31 10:44:08.055555552+00:00,0_biaya_anak_mahal_beasiswa
339,1,"kurikulum merdeka, kurikulum, kampus, kampus merdeka, enggak",647,2022-07-31 10:44:08.055555552+00:00,1_kurikulum_kampus merdeka_kurikulum mer...
340,2,"indonesia, republik indonesia, republik, pulih, hari",209,2022-07-31 10:44:08.055555552+00:00,2_hari guru_guru nasional_nasional_selam...
341,3,"ruu sisdiknas, rajut, pr, sisdiknas, pr hukum",170,2022-07-31 10:44:08.055555552+00:00,3_ajar merdeka_merdeka ajar_ajar_apa
342,4,"pandemi, pandemi covid, pasca pandemi, covid, ngikutin sekolah",17,2022-07-31 10:44:08.055555552+00:00,4_pandemi_pandemi covid_covid_masa pande...
343,5,"youtube, video, livestreaming youtube, saksi livestreaming, hqsahamidx",38,2022-07-31 10:44:08.055555552+00:00,5_youtube_kanal youtube_video_kanal
344,6,"farel, farel prayoga, nyanyi, prayoga, lagu",11,2022-07-31 10:44:08.055555552+00:00,6_lagu_lagu anak_nyanyi_musik
345,7,"mas menteri, menteri, pasti asupan, enggak layak, asupan gizi",14,2022-07-31 10:44:08.055555552+00:00,7_menteri_mas menteri_mas_menteri nadiem
346,8,"paibp kelas, paibp, kelas bab, nabi, muhammad saw",40,2022-07-31 10:44:08.055555552+00:00,8_islam_muhammadiyah_nabi_muhammad
347,9,"daftar wmk, morning besok, kena prank, tiket gasss, aprilmop lewat",9,2022-07-31 10:44:08.055555552+00:00,9_jadwal_selamat pagi_jadwal acara_pagi
348,10,"sasak lombok, hari tampil, lombok, sasak, simak sama",30,2022-07-31 10:44:08.055555552+00:00,10_simak sama_hari tampil_sasak_tampil
349,11,"bangkit selasa, wib taut, malaysia, kelulus bangkit, trunojoyo muda",17,2022-07-31 10:44:08.055555552+00:00,11_bangkit_from_desember_reposted from
350,12,"lengkap laman, baca berita, berita lengkap, laman, berita",57,2022-07-31 10:44:08.055555552+00:00,12_lengkap laman_baca berita_berita leng...
351,13,"papua, warga papua, merdeka opm, papua merdeka, dob",9,2022-07-31 10:44:08.055555552+00:00,13_papua_otsus_papua barat_otonomi khusu...
352,14,"maju kan, dokter kuliah, langit guru, guri sama, banyak guri",1,2022-07-31 10:44:08.055555552+00:00,14_dokter_biaya dokter_jadi dokter_medis
353,15,"gizi penuh, ibu ayah, gizi, syarat utama, anak merdeka",18,2022-07-31 10:44:08.055555552+00:00,15_anak_ayah_dini_usia dini
354,16,"nimbun, borobudur mendikbud, bayar menkominfo, booster menkomanives, sekarang mendag",1,2022-07-31 10:44:08.055555552+00:00,16_vaksinasi_vaksinasi merdeka_vaksin_ti...
355,17,"literasi, tradisi sebut, akses koleksi, sama puluh, laku pinjam",9,2022-07-31 10:44:08.055555552+00:00,17_literasi_numerasi_literasi numerasi_b...
356,18,"sertifikat, independen sertifikat, divisibidang sesuai, ftumj lolos, banyak kirim",4,2022-07-31 10:44:08.055555552+00:00,18_sertifikat_independen sertifikat_maga...
357,19,"seksual, keras seksual, keras, satgas, perempuan",12,2022-07-31 10:44:08.055555552+00:00,19_seksual_keras seksual_keras_perempuan
358,20,"fam organic, organic baca, organik kuliah, tabebuya, tabebuya lingkung",3,2022-07-31 10:44:08.055555552+00:00,20_ipb university_university_baca lengka...
359,21,"gua, merdeka gua, tipsen, mana gua, gua enggak",15,2022-07-31 10:44:08.055555552+00:00,21_gua_gua enggak_merdeka gua_kampus gua
360,22,"religius, religius anak, tanggal agsutus, agsutus siswa, ahir",7,2022-07-31 10:44:08.055555552+00:00,22_agama_ajar agama_iman_frasa agama
361,23,"matematika, pak pak, spm realino, realino, matematika kelas",11,2022-07-31 10:44:08.055555552+00:00,23_matematika_ajar matematika_matematika...
362,24,"agraris maritim, maritim, agraris, pengembangbiakan, apal",9,2022-07-31 10:44:08.055555552+00:00,24_ikan_laut_ilmu laut_mangrove
363,25,"internship, intern, muas call, but imagine, rethink",6,2022-07-31 10:44:08.055555552+00:00,25_internship_internship kampus_intern_i...
364,26,"batik, batik level, level tahun, level, program batik",34,2022-07-31 10:44:08.055555552+00:00,26_batik_batik level_level_level tahun
365,27,"oorange unpad, wirausaha, oorange, kembang bisnis, kewirausahaan",9,2022-07-31 10:44:08.055555552+00:00,27_kewirausahaan_wirausaha_wirausaha mer...
366,29,"region, ppg, lapor evaluasi, region unp, kuliah elektif",4,2022-07-31 10:44:08.055555552+00:00,29_barangjasa_ada barangjasa_ppdb_lkpp
367,30,"inovasi, teknis birokrat, nilai cipta, sifat jangka, sistem terkadang",6,2022-07-31 10:44:08.055555552+00:00,30_inovasi_serentak inovasi_inovasi wuju...
368,-1,"giat, kampus merdeka, kampus, program, lengkap",2090,2022-10-30 16:00:35.333333344+00:00,-1_kampus merdeka_kampus_program_mahasis...
369,0,"biaya, bayar, mahal, uang, beasiswa",343,2022-10-30 16:00:35.333333344+00:00,0_biaya_anak_mahal_beasiswa
370,1,"kurikulum, kurikulum merdeka, kampus merdeka, kampus, magang",676,2022-10-30 16:00:35.333333344+00:00,1_kurikulum_kampus merdeka_kurikulum mer...
371,2,"inovasi wujud, serentak inovasi, inovasi, hari guru, guru nasional",722,2022-10-30 16:00:35.333333344+00:00,2_hari guru_guru nasional_nasional_selam...
372,3,"pimpin merdeka, lebah, tpp, putri malu, bapak rasa",147,2022-10-30 16:00:35.333333344+00:00,3_ajar merdeka_merdeka ajar_ajar_apa
373,4,"gempa, bencana, cugenang, pustaka, spab",15,2022-10-30 16:00:35.333333344+00:00,4_pandemi_pandemi covid_covid_masa pande...
374,5,"youtube, himadika, instagram, hadir episode, episode",29,2022-10-30 16:00:35.333333344+00:00,5_youtube_kanal youtube_video_kanal
375,6,"lagu, lagu tokecang, tokecang, main nyanyi, tebak judul",6,2022-10-30 16:00:35.333333344+00:00,6_lagu_lagu anak_nyanyi_musik
376,7,"jelas businessman, businessman, menteri, konseling, nak kisah",11,2022-10-30 16:00:35.333333344+00:00,7_menteri_mas menteri_mas_menteri nadiem
377,8,"islam, masjid, agama islam, muhammadiyah, soal agama",38,2022-10-30 16:00:35.333333344+00:00,8_islam_muhammadiyah_nabi_muhammad
378,9,"pagi, belanja kue, kue subuh, happy saturday, saturday tempowers",16,2022-10-30 16:00:35.333333344+00:00,9_jadwal_selamat pagi_jadwal acara_pagi
379,10,"hari tampil, simak sama, tampil, konten hari, sasak lombok",39,2022-10-30 16:00:35.333333344+00:00,10_simak sama_hari tampil_sasak_tampil
380,11,"hakordia, desember, dunia hakordia, ika its, its jatim",31,2022-10-30 16:00:35.333333344+00:00,11_bangkit_from_desember_reposted from
381,12,"lengkap laman, baca berita, berita lengkap, laman, berita",63,2022-10-30 16:00:35.333333344+00:00,12_lengkap laman_baca berita_berita leng...
382,13,"kontekstual, kontekstual papua, kurikulum kontekstual, papua, revolusi ajar",12,2022-10-30 16:00:35.333333344+00:00,13_papua_otsus_papua barat_otonomi khusu...
383,14,"dokter, kait dokter, dokter lebih, cuba, dokter spesialis",8,2022-10-30 16:00:35.333333344+00:00,14_dokter_biaya dokter_jadi dokter_medis
384,15,"bagai kompetensi, tahan percaya, kiat kembang, muda baik, kompetensi mandiri",2,2022-10-30 16:00:35.333333344+00:00,15_anak_ayah_dini_usia dini
385,16,"zero, hiv, vaksin, aids, produk vaksin",4,2022-10-30 16:00:35.333333344+00:00,16_vaksinasi_vaksinasi merdeka_vaksin_ti...
386,17,"buku, literasi, baca buku, literasi numerasi, numerasi",17,2022-10-30 16:00:35.333333344+00:00,17_literasi_numerasi_literasi numerasi_b...
387,18,"sertifikat, magang studi, independen sertifikat, sertifikat msib, studi independen",26,2022-10-30 16:00:35.333333344+00:00,18_sertifikat_independen sertifikat_maga...
388,19,"seksual, keras seksual, keras, ternate, zina benar",9,2022-10-30 16:00:35.333333344+00:00,19_seksual_keras seksual_keras_perempuan
389,20,"baca lengkap, ipb university, university, ipb, baca",11,2022-10-30 16:00:35.333333344+00:00,20_ipb university_university_baca lengka...
390,21,"gua, gua enggak, kampus gua, gua khawatir, gua takut",16,2022-10-30 16:00:35.333333344+00:00,21_gua_gua enggak_merdeka gua_kampus gua
391,22,"fokus fokus, agama, iman, zoom cetak, marcopolo bartholomeus",6,2022-10-30 16:00:35.333333344+00:00,22_agama_ajar agama_iman_frasa agama
392,23,"matematika, ajar matematika, matematika kelas, arah siswa, siswa saling",26,2022-10-30 16:00:35.333333344+00:00,23_matematika_ajar matematika_matematika...
393,24,"ikan, laut, praktek kerja, kerja lapang, bentuk ocean",19,2022-10-30 16:00:35.333333344+00:00,24_ikan_laut_ilmu laut_mangrove
394,25,"internship, kerja internship, internship kampus, tara professional, professional banker",10,2022-10-30 16:00:35.333333344+00:00,25_internship_internship kampus_intern_i...
395,26,"batik, buat batik, batik level, motif, level",8,2022-10-30 16:00:35.333333344+00:00,26_batik_batik level_level_level tahun
396,27,"edupreneurship, edupreneurship merdeka, ajar edupreneurship, berwirausaha, mulai bumn",23,2022-10-30 16:00:35.333333344+00:00,27_kewirausahaan_wirausaha_wirausaha mer...
397,29,"jambore merdeka, jambore, program duta, duta teknologi, bpmp prov",6,2022-10-30 16:00:35.333333344+00:00,29_barangjasa_ada barangjasa_ppdb_lkpp
398,30,"inovasi, serentak inovasi, inovasi wujud, ucap serentak, serentak",24,2022-10-30 16:00:35.333333344+00:00,30_inovasi_serentak inovasi_inovasi wuju...
399,-1,"ntt, baca, bahasa, lengkap, baca mutu",1503,2023-01-29 21:17:02.611111120+00:00,-1_kampus merdeka_kampus_program_mahasis...
400,0,"biaya, anak, uang, biaya hidup, hidup",402,2023-01-29 21:17:02.611111120+00:00,0_biaya_anak_mahal_beasiswa
401,1,"kurikulum merdeka, kurikulum, jam, jam pagi, implementasi",419,2023-01-29 21:17:02.611111120+00:00,1_kurikulum_kampus merdeka_kurikulum mer...
402,2,"indonesia, hari, pers, paskah, selamat",133,2023-01-29 21:17:02.611111120+00:00,2_hari guru_guru nasional_nasional_selam...
403,3,"daun kelor, kelor, ganjar apresiasi, konsep merdeka, viral jalur",114,2023-01-29 21:17:02.611111120+00:00,3_ajar merdeka_merdeka ajar_ajar_apa
404,4,"sappk direktorat, prasarana itb, minta sensor, course thread, checker tak",4,2023-01-29 21:17:02.611111120+00:00,4_pandemi_pandemi covid_covid_masa pande...
405,5,"transisi paud, sd senang, transisi, paud sd, youtube",50,2023-01-29 21:17:02.611111120+00:00,5_youtube_kanal youtube_video_kanal
406,6,"musik, musisi, judul lagu, yuk uji, lagu",7,2023-01-29 21:17:02.611111120+00:00,6_lagu_lagu anak_nyanyi_musik
407,7,"menteri, menteri enggak, mama takut, rasa paksa, menteri lanjut",18,2023-01-29 21:17:02.611111120+00:00,7_menteri_mas menteri_mas_menteri nadiem
408,8,"islam, ingat isra, isra, saw, agama islam",32,2023-01-29 21:17:02.611111120+00:00,8_islam_muhammadiyah_nabi_muhammad
409,9,"masuk jam, jam pagi, mutakhir data, jam, mutakhir",11,2023-01-29 21:17:02.611111120+00:00,9_jadwal_selamat pagi_jadwal acara_pagi
410,10,"bahasa sasak, sasak, konten kata, hari tampil, simak sama",33,2023-01-29 21:17:02.611111120+00:00,10_simak sama_hari tampil_sasak_tampil
411,11,"bangsa museum, smusik, smusik ayo, ayo musik, bahasa smusik",13,2023-01-29 21:17:02.611111120+00:00,11_bangkit_from_desember_reposted from
412,12,"lengkap laman, baca berita, berita lengkap, laman, berita",31,2023-01-29 21:17:02.611111120+00:00,12_lengkap laman_baca berita_berita leng...
413,13,"papua, otsus, asli papua, otsus tingkat, standar masyarakat",19,2023-01-29 21:17:02.611111120+00:00,13_papua_otsus_papua barat_otonomi khusu...
414,14,"spesislis, mesin trial, henti perintah, tahu tim, standar tinggi",2,2023-01-29 21:17:02.611111120+00:00,14_dokter_biaya dokter_jadi dokter_medis
415,15,"usia dini, ayah, ayah bunda, anak usia, dini",22,2023-01-29 21:17:02.611111120+00:00,15_anak_ayah_dini_usia dini
416,16,"konsultasi organisasi, tentu konsultasi, buat rupa, utama mui, rupa tentu",1,2023-01-29 21:17:02.611111120+00:00,16_vaksinasi_vaksinasi merdeka_vaksin_ti...
417,17,"literasi, buku, literasi anak, baca, literasi numerasi",24,2023-01-29 21:17:02.611111120+00:00,17_literasi_numerasi_literasi numerasi_b...
418,18,"tara ijazah, magang studi, ikut mentoring, rapih, akselerasi beri",4,2023-01-29 21:17:02.611111120+00:00,18_sertifikat_independen sertifikat_maga...
419,19,"seksual, keras seksual, bentuk satgas, satgas, satgas ppks",8,2023-01-29 21:17:02.611111120+00:00,19_seksual_keras seksual_keras_perempuan
420,20,"ipb university, university, ipb, baca lengkap, lengkap ipb",12,2023-01-29 21:17:02.611111120+00:00,20_ipb university_university_baca lengka...
421,21,"gua, amin amin, semogga, amin, merdeka gua",6,2023-01-29 21:17:02.611111120+00:00,21_gua_gua enggak_merdeka gua_kampus gua
422,22,"hamka, lina mukherjee, makan babi, semangat hamka, tonton buya",6,2023-01-29 21:17:02.611111120+00:00,22_agama_ajar agama_iman_frasa agama
423,23,"matematika, jawab matematika, matematika kelas, lewat kunci, kelas halaman",12,2023-01-29 21:17:02.611111120+00:00,23_matematika_ajar matematika_matematika...
424,24,"ikan, laut, laut ikan, ternate malu, ikan masuk",17,2023-01-29 21:17:02.611111120+00:00,24_ikan_laut_ilmu laut_mangrove
425,25,"lazada, tanya nih, aprenticeshiplazada internship, lazada banget, toyota internship",2,2023-01-29 21:17:02.611111120+00:00,25_internship_internship kampus_intern_i...
426,26,"bus bekas, bekas ada, seru lomba, khas bekas, kreasi batik",1,2023-01-29 21:17:02.611111120+00:00,26_batik_batik level_level_level tahun
427,27,"riah pomnas, pomnas unp, program ekspo, mop halo, kewirausahaan sukses",3,2023-01-29 21:17:02.611111120+00:00,27_kewirausahaan_wirausaha_wirausaha mer...
428,29,"ada ta, rekrutmen lembaga, luas apa, sih wewenang, lain helpdesk",5,2023-01-29 21:17:02.611111120+00:00,29_barangjasa_ada barangjasa_ppdb_lkpp
429,30,"bagai inovasi, inovasi uksw, budaya spirit, salatiga konsep, warga bebas",3,2023-01-29 21:17:02.611111120+00:00,30_inovasi_serentak inovasi_inovasi wuju...
430,-1,"karnaval, karnaval merdeka, hardiknas, semarak, merdeka ajar",2339,2023-05-01 02:33:29.888888896+00:00,-1_kampus merdeka_kampus_program_mahasis...
431,0,"biaya, mahal, anak, orang, orang tua",1137,2023-05-01 02:33:29.888888896+00:00,0_biaya_anak_mahal_beasiswa
432,1,"kurikulum, kurikulum merdeka, email, kampus merdeka, kampus",714,2023-05-01 02:33:29.888888896+00:00,1_kurikulum_kampus merdeka_kurikulum mer...
433,2,"sama semarak, semarak merdeka, hari nasional, semarak, gerak sama",438,2023-05-01 02:33:29.888888896+00:00,2_hari guru_guru nasional_nasional_selam...
434,3,"semarak merdeka, semarak, hardiknas, merdeka ajar, ingat hardiknas",201,2023-05-01 02:33:29.888888896+00:00,3_ajar merdeka_merdeka ajar_ajar_apa
435,4,"pos merdeka, jaring tenaga, tenaga solar, evakuasi masalah, event launching",5,2023-05-01 02:33:29.888888896+00:00,4_pandemi_pandemi covid_covid_masa pande...
436,5,"youtube, video, kanal youtube, kanal, instagram",46,2023-05-01 02:33:29.888888896+00:00,5_youtube_kanal youtube_video_kanal
437,6,"semarapura, tonton konser, gunungkidul, musisi, baleganjur",6,2023-05-01 02:33:29.888888896+00:00,6_lagu_lagu anak_nyanyi_musik
438,7,"menteri, mas menteri, menteri memang, jadi menteri, menteri pupr",41,2023-05-01 02:33:29.888888896+00:00,7_menteri_mas menteri_mas_menteri nadiem
439,8,"islam, rborang, muhammadiyah, quran, syariah",42,2023-05-01 02:33:29.888888896+00:00,8_islam_muhammadiyah_nabi_muhammad
440,9,"kemarin refresh, kuliah iain, refresh tetap, pukul larang, silentpoll",9,2023-05-01 02:33:29.888888896+00:00,9_jadwal_selamat pagi_jadwal acara_pagi
441,10,"simak sama, hari tampil, tampil, konten, sasak",34,2023-05-01 02:33:29.888888896+00:00,10_simak sama_hari tampil_sasak_tampil
442,11,"jebres, pemprov sulbar, gue tanggung, donatur, bangkit",47,2023-05-01 02:33:29.888888896+00:00,11_bangkit_from_desember_reposted from
443,12,"lengkap laman, baca berita, berita lengkap, berita, laman",21,2023-05-01 02:33:29.888888896+00:00,12_lengkap laman_baca berita_berita leng...
444,13,"papua, mbkm papua, papua sekarang, papua maju, anak papua",12,2023-05-01 02:33:29.888888896+00:00,13_papua_otsus_papua barat_otonomi khusu...
445,14,"dokter, biaya dokter, jadi dokter, spesialis, dokter biaya",35,2023-05-01 02:33:29.888888896+00:00,14_dokter_biaya dokter_jadi dokter_medis
446,15,"bumi jumlah, ayah bunda, lingkung konsisten, upaya bumi, jumlah cegah",20,2023-05-01 02:33:29.888888896+00:00,15_anak_ayah_dini_usia dini
447,16,"society ahli, mahal publik, tempat cuci, indoktrin, publik kena",4,2023-05-01 02:33:29.888888896+00:00,16_vaksinasi_vaksinasi merdeka_vaksin_ti...
448,17,"macammacam literasi, literasi, macammacam, materi arah, book tasting",5,2023-05-01 02:33:29.888888896+00:00,17_literasi_numerasi_literasi numerasi_b...
449,18,"sertifikat, independen sertifikat, magang studi, studi independen, independen",21,2023-05-01 02:33:29.888888896+00:00,18_sertifikat_independen sertifikat_maga...
450,19,"seksual, gender, keras, tara gender, keras seksual",10,2023-05-01 02:33:29.888888896+00:00,19_seksual_keras seksual_keras_perempuan
451,20,"ipb university, university, baca lengkap, ipb, lengkap ipb",47,2023-05-01 02:33:29.888888896+00:00,20_ipb university_university_baca lengka...
452,21,"gua, gua enggak, gua buat, banget gua, nya fisika",10,2023-05-01 02:33:29.888888896+00:00,21_gua_gua enggak_merdeka gua_kampus gua
453,22,"agama, bye, bus nya, buat institusilembaga, kait ideologi",11,2023-05-01 02:33:29.888888896+00:00,22_agama_ajar agama_iman_frasa agama
454,23,"matematika, jawab matematika, semester halaman, matematika kelas, ajar matematika",14,2023-05-01 02:33:29.888888896+00:00,23_matematika_ajar matematika_matematika...
455,24,"ikan, ipb university, baca lengkap, ipb, university",22,2023-05-01 02:33:29.888888896+00:00,24_ikan_laut_ilmu laut_mangrove
456,25,"internship, professional, sekali virtual, unmul laku, cari course",9,2023-05-01 02:33:29.888888896+00:00,25_internship_internship kampus_intern_i...
457,26,"batik, karya bagi, bagi wujud, digital karya, kuat ekosistem",11,2023-05-01 02:33:29.888888896+00:00,26_batik_batik level_level_level tahun
458,27,"wirausaha, wirausaha merdeka, kewirausahaan, entrepreneur, wirausahawan",17,2023-05-01 02:33:29.888888896+00:00,27_kewirausahaan_wirausaha_wirausaha mer...
459,29,"ada barangjasa, barangjasa, barangjasa perintah, hari ppsdm, bekerjasama pusat",17,2023-05-01 02:33:29.888888896+00:00,29_barangjasa_ada barangjasa_ppdb_lkpp
460,30,"sumur, sempur kontraktor, sumur jadi, kolaborasi yakin, inovasi luar",6,2023-05-01 02:33:29.888888896+00:00,30_inovasi_serentak inovasi_inovasi wuju...
461,-1,"ayahbowo masgibran, masgibran, ayahbowo, solutif, standar sekolah",2330,2023-07-31 07:49:57.166666672+00:00,-1_kampus merdeka_kampus_program_mahasis...
462,0,"biaya, ganjar, mahal, gratis, prabowo",1407,2023-07-31 07:49:57.166666672+00:00,0_biaya_anak_mahal_beasiswa
463,1,"kurikulum, kurikulum merdeka, enggak, kampus merdeka, kampus",450,2023-07-31 07:49:57.166666672+00:00,1_kurikulum_kampus merdeka_kurikulum mer...
464,2,"indonesia, selenggara gratis, indonesia selenggara, biaya indonesia, mahal",558,2023-07-31 07:49:57.166666672+00:00,2_hari guru_guru nasional_nasional_selam...
465,3,"sablon baju, sablon, ajar merdeka, je, baju",138,2023-07-31 07:49:57.166666672+00:00,3_ajar merdeka_merdeka ajar_ajar_apa
466,4,"amp legislasi, fungsi awas, himesbang, legislasi, muda lalu",9,2023-07-31 07:49:57.166666672+00:00,4_pandemi_pandemi covid_covid_masa pande...
467,5,"episode, episode cegah, tangan keras, cegah tangan, ajar episode",45,2023-07-31 07:49:57.166666672+00:00,5_youtube_kanal youtube_video_kanal
468,6,"gede mungkin, pakai mic, share lagu, means pakai, sembilan lepas",4,2023-07-31 07:49:57.166666672+00:00,6_lagu_lagu anak_nyanyi_musik
469,7,"menteri, jadi menteri, ganti, menteri ganti, ganti menteri",38,2023-07-31 07:49:57.166666672+00:00,7_menteri_mas menteri_mas_menteri nadiem
470,8,"islam, muhammad, nabi muhammad, nabi, maulid nabi",59,2023-07-31 07:49:57.166666672+00:00,8_islam_muhammadiyah_nabi_muhammad
471,9,"perpusdikbud jadi, minggu perpusdikbud, jadi tuan, jadwal, rumah giat",12,2023-07-31 07:49:57.166666672+00:00,9_jadwal_selamat pagi_jadwal acara_pagi
472,10,"simak sama, hari tampil, tampil, konten, sama konten",36,2023-07-31 07:49:57.166666672+00:00,10_simak sama_hari tampil_sasak_tampil
473,11,"yapindu, nabung buat, buat dana, sertifikat semua, punia",39,2023-07-31 07:49:57.166666672+00:00,11_bangkit_from_desember_reposted from
474,12,"index, index bilang, belanda terus, disertasi ilmu, dimultikampus",5,2023-07-31 07:49:57.166666672+00:00,12_lengkap laman_baca berita_berita leng...
475,13,"papua, otsus, papua baik, otsus papua, bina seni",5,2023-07-31 07:49:57.166666672+00:00,13_papua_otsus_papua barat_otonomi khusu...
476,14,"dokter, jadi dokter, dorong pemuda, pemuda bangsa, biaya dokter",22,2023-07-31 07:49:57.166666672+00:00,14_dokter_biaya dokter_jadi dokter_medis
477,15,"wayang, usia dini, anak usia, tamu istimewa, alfabet anak",13,2023-07-31 07:49:57.166666672+00:00,15_anak_ayah_dini_usia dini
478,16,"anak vaksin, vaksin, fao tan, sebut vaksin, worry kalo",3,2023-07-31 07:49:57.166666672+00:00,16_vaksinasi_vaksinasi merdeka_vaksin_ti...
479,17,"literasi, literasi numerasi, numerasi, buku, satu pilar",15,2023-07-31 07:49:57.166666672+00:00,17_literasi_numerasi_literasi numerasi_b...
480,18,"sertifikat, independen sertifikat, magang studi, studi independen, independen",15,2023-07-31 07:49:57.166666672+00:00,18_sertifikat_independen sertifikat_maga...
481,19,"keras seksual, seksual, keras, lgbt, tangan keras",10,2023-07-31 07:49:57.166666672+00:00,19_seksual_keras seksual_keras_perempuan
482,20,"ipb university, university, baca lengkap, ipb, lengkap ipb",47,2023-07-31 07:49:57.166666672+00:00,20_ipb university_university_baca lengka...
483,21,"gua, slide nya, pengin kerja, buat gua, kampus gua",14,2023-07-31 07:49:57.166666672+00:00,21_gua_gua enggak_merdeka gua_kampus gua
484,22,"agama, prasangka, lahir orang, ganjar, guru agama",14,2023-07-31 07:49:57.166666672+00:00,22_agama_ajar agama_iman_frasa agama
485,23,"matematika, jurus matematika, ajar matematika, mbkm magang, infomtk",14,2023-07-31 07:49:57.166666672+00:00,23_matematika_ajar matematika_matematika...
486,24,"mangrove, laut, ikan, himiteka ipb, himiteka",13,2023-07-31 07:49:57.166666672+00:00,24_ikan_laut_ilmu laut_mangrove
487,25,"kalla internship, kalla, gabung kalla, kampus gabung, internship program",4,2023-07-31 07:49:57.166666672+00:00,25_internship_internship kampus_intern_i...
488,26,"batik, vlog, batik nasional, hari batik, level",12,2023-07-31 07:49:57.166666672+00:00,26_batik_batik level_level_level tahun
489,27,"business management, entrepreneur, wirausaha merdeka, wirausaha, alas paham",6,2023-07-31 07:49:57.166666672+00:00,27_kewirausahaan_wirausaha_wirausaha mer...
490,28,"adopsi, rumah sakit, utkmasadepan, prabowo delapansmangat, delapansmangat",92,2023-07-31 07:49:57.166666672+00:00,28_rumah sakit_adopsi_delapansmangat_del...
491,29,"oktober surabaya, sosialisasi modern, teknis tim, sastra lengkap, traject",4,2023-07-31 07:49:57.166666672+00:00,29_barangjasa_ada barangjasa_ppdb_lkpp
492,30,"gupres, inovasi, era society, tinjau perintah, society krusial",10,2023-07-31 07:49:57.166666672+00:00,30_inovasi_serentak inovasi_inovasi wuju...
493,-1,"msib, gera merdeka, gera, kampus merdeka, kampus",2417,2023-10-30 13:06:24.444444448+00:00,-1_kampus merdeka_kampus_program_mahasis...
494,0,"ganjarmahfud, gpmmd, ganjar, mahfud, biaya",1046,2023-10-30 13:06:24.444444448+00:00,0_biaya_anak_mahal_beasiswa
495,1,"email, kurikulum, kurikulum merdeka, kampus merdeka, kampus",731,2023-10-30 13:06:24.444444448+00:00,1_kurikulum_kampus merdeka_kurikulum mer...
496,2,"sama raya, raya merdeka, gerak sama, hari guru, raya",1000,2023-10-30 13:06:24.444444448+00:00,2_hari guru_guru nasional_nasional_selam...
497,3,"besut, gera merdeka, merdeka ajar, gera, bareng konsep",128,2023-10-30 13:06:24.444444448+00:00,3_ajar merdeka_merdeka ajar_ajar_apa
498,4,"krisis ajar, tangguh sistem, puji tangguh, schleicher puji, utama pandemi",11,2023-10-30 13:06:24.444444448+00:00,4_pandemi_pandemi covid_covid_masa pande...
499,5,"instagram, video, video merdeka, msib undip, aset lalu",26,2023-10-30 13:06:24.444444448+00:00,5_youtube_kanal youtube_video_kanal
500,6,"pjbl, ajar halooooo, syahdu, mbak jahit, senang keren",3,2023-10-30 13:06:24.444444448+00:00,6_lagu_lagu anak_nyanyi_musik
501,7,"nadiem optimistis, menteri, jadi menteri, optimistis, menteri enggak",12,2023-10-30 13:06:24.444444448+00:00,7_menteri_mas menteri_mas_menteri nadiem
502,8,"islam, pai, agama islam, pai kelas, buku pai",31,2023-10-30 13:06:24.444444448+00:00,8_islam_muhammadiyah_nabi_muhammad
503,9,"langsung joki, jenis tugas, punya deadline, banyak langsung, joki semua",10,2023-10-30 13:06:24.444444448+00:00,9_jadwal_selamat pagi_jadwal acara_pagi
504,10,"hari tampil, simak sama, tampil, tampil informasi, konten hari",32,2023-10-30 13:06:24.444444448+00:00,10_simak sama_hari tampil_sasak_tampil
505,11,"desember pukul, teater koma, mentas teater, mentas, wib kayana",41,2023-10-30 13:06:24.444444448+00:00,11_bangkit_from_desember_reposted from
506,12,"jurnal, jurnalistik, jurnal jurnal, perspektif budaya, fasilitas mas",7,2023-10-30 13:06:24.444444448+00:00,12_lengkap laman_baca berita_berita leng...
507,13,"gpmmd papua, papua, gpmmd, aceh gpmmd, gpmmd aceh",16,2023-10-30 13:06:24.444444448+00:00,13_papua_otsus_papua barat_otonomi khusu...
508,14,"medical center, gula darah, center unikom, biaya dokter, gula",7,2023-10-30 13:06:24.444444448+00:00,14_dokter_biaya dokter_jadi dokter_medis
509,15,"inklusif anakanak, cipta peluang, inklusif, interpersonal, sama ct",14,2023-10-30 13:06:24.444444448+00:00,15_anak_ayah_dini_usia dini
510,16,"dttd, imunisasi dttd, imunisasi, puskesman, fisik cegah",2,2023-10-30 13:06:24.444444448+00:00,16_vaksinasi_vaksinasi merdeka_vaksin_ti...
511,17,"literasi numerasi, numerasi, literasi, kuat literasi, arti kembang",6,2023-10-30 13:06:24.444444448+00:00,17_literasi_numerasi_literasi numerasi_b...
512,18,"sertifikat, independen sertifikat, studi independen, independen, magang studi",14,2023-10-30 13:06:24.444444448+00:00,18_sertifikat_independen sertifikat_maga...
513,19,"gender, dwp kemendikbudristek, kampanye stop, tumbuh peka, seksual link",4,2023-10-30 13:06:24.444444448+00:00,19_seksual_keras seksual_keras_perempuan
514,20,"ipb university, university, baca lengkap, ipb, lengkap ipb",19,2023-10-30 13:06:24.444444448+00:00,20_ipb university_university_baca lengka...
515,21,"gua, gua enggak, gua jadi, kurmer, sama gua",18,2023-10-30 13:06:24.444444448+00:00,21_gua_gua enggak_merdeka gua_kampus gua
516,22,"agama, programganjarmahfud, programganjarmahfud pak, guru aji, pak ganjar",15,2023-10-30 13:06:24.444444448+00:00,22_agama_ajar agama_iman_frasa agama
517,23,"matematika, jurus matematika, infomtk, selesai laksana, ajar matematika",20,2023-10-30 13:06:24.444444448+00:00,23_matematika_ajar matematika_matematika...
518,24,"ikan, riset akuakultur, menandatangi kerjasama, batee menandatangi, akuakultur terap",14,2023-10-30 13:06:24.444444448+00:00,24_ikan_laut_ilmu laut_mangrove
519,25,"internship, tam, percaya kamu, brilian internship, intern",7,2023-10-30 13:06:24.444444448+00:00,25_internship_internship kampus_intern_i...
520,26,"batik, gen inspirasi, wear selamat, sagara gen, akselerasi produksi",3,2023-10-30 13:06:24.444444448+00:00,26_batik_batik level_level_level tahun
521,27,"artha sandbox, sandbox, artha, sbm itb, bisnis",7,2023-10-30 13:06:24.444444448+00:00,27_kewirausahaan_wirausaha_wirausaha mer...
522,29,"hepi, organisasi baru, sharing kunci, pimpin strategi, untirta hepi",4,2023-10-30 13:06:24.444444448+00:00,29_barangjasa_ada barangjasa_ppdb_lkpp
523,30,"pangan ikn, tan lanjut, teknologi tan, ikn tim, itb terap",1,2023-10-30 13:06:24.444444448+00:00,30_inovasi_serentak inovasi_inovasi wuju...
524,-1,"lengkap, itb, unp, mahasiswa, program",1345,2024-01-29 18:22:51.722222224+00:00,-1_kampus merdeka_kampus_program_mahasis...
525,0,"biaya, mahal, gratis, makan, anak",1400,2024-01-29 18:22:51.722222224+00:00,0_biaya_anak_mahal_beasiswa
526,1,"kurikulum, kurikulum merdeka, enggak, kampus, kampus merdeka",440,2024-01-29 18:22:51.722222224+00:00,1_kurikulum_kampus merdeka_kurikulum mer...
527,2,"indonesia, indonesia hebat, lebih sejahtera, sejahtera indonesia, kali lebih",278,2024-01-29 18:22:51.722222224+00:00,2_hari guru_guru nasional_nasional_selam...
528,3,"adek malas, teliti soal, gavin, hasil merdeka, kaos",90,2024-01-29 18:22:51.722222224+00:00,3_ajar merdeka_merdeka ajar_ajar_apa
529,4,"bencana, kesiapsiagaan bencana, tornado, rancaekek, kesiapsiagaan",10,2024-01-29 18:22:51.722222224+00:00,4_pandemi_pandemi covid_covid_masa pande...
530,5,"video, youtube, tonton video, telusur inspirasi, video selesai",29,2024-01-29 18:22:51.722222224+00:00,5_youtube_kanal youtube_video_kanal
531,6,"konser, artis, musikal peluk, mimpimimpi merdeka, peluk mimpimimpi",11,2024-01-29 18:22:51.722222224+00:00,6_lagu_lagu anak_nyanyi_musik
532,7,"menteri, jadi menteri, orang menteri, ganti, pramuka",24,2024-01-29 18:22:51.722222224+00:00,7_menteri_mas menteri_mas_menteri nadiem
533,8,"muhammadiyah, islam, sekolah muhammadiyah, masyarakat susah, sehat mahal",41,2024-01-29 18:22:51.722222224+00:00,8_islam_muhammadiyah_nabi_muhammad
534,9,"onic camp, camp vol, vol day, onic, au",8,2024-01-29 18:22:51.722222224+00:00,9_jadwal_selamat pagi_jadwal acara_pagi
535,10,"hari tampil, simak sama, tampil, kutip sekaligus, biografi singkat",32,2024-01-29 18:22:51.722222224+00:00,10_simak sama_hari tampil_sasak_tampil
536,11,"ting, juz, ting ting, mikraj, isra mikraj",21,2024-01-29 18:22:51.722222224+00:00,11_bangkit_from_desember_reposted from
537,12,"publikasi, masuk mana, publikasi jurnal, bawah kemenag, jurnal",7,2024-01-29 18:22:51.722222224+00:00,12_lengkap laman_baca berita_berita leng...
538,13,"papua, ganjar mahfud, mahfud, sdm papua, papua lalu",36,2024-01-29 18:22:51.722222224+00:00,13_papua_otsus_papua barat_otonomi khusu...
539,14,"dokter, biaya dokter, spesialis, dokter mahal, dokter spesialis",29,2024-01-29 18:22:51.722222224+00:00,14_dokter_biaya dokter_jadi dokter_medis
540,15,"oknum orang, merespon ada, keras pesantren, aman titip, pesantren laku",1,2024-01-29 18:22:51.722222224+00:00,15_anak_ayah_dini_usia dini
541,16,"vaksin, imunisasi, wajib dasar, jenderal purn, bukti tuh",4,2024-01-29 18:22:51.722222224+00:00,16_vaksinasi_vaksinasi merdeka_vaksin_ti...
542,17,"penting nalar, pojok baca, baca kelas, literasi, nalar",7,2024-01-29 18:22:51.722222224+00:00,17_literasi_numerasi_literasi numerasi_b...
543,18,"sama certrova, certrova, sertifikat batch, hari hadir, unidayan",5,2024-01-29 18:22:51.722222224+00:00,18_sertifikat_independen sertifikat_maga...
544,19,"stage, sex, true, perempuan, its super",6,2024-01-29 18:22:51.722222224+00:00,19_seksual_keras seksual_keras_perempuan
545,20,"ipb university, university, ipb, baca lengkap, lengkap ipb",22,2024-01-29 18:22:51.722222224+00:00,20_ipb university_university_baca lengka...
546,21,"gua, gua enggak, gua benci, anak gua, apa gua",15,2024-01-29 18:22:51.722222224+00:00,21_gua_gua enggak_merdeka gua_kampus gua
547,22,"agama, kualitas agama, mana adil, sahaya amp, ibadah cuma",9,2024-01-29 18:22:51.722222224+00:00,22_agama_ajar agama_iman_frasa agama
548,23,"matematika, math, takluk, tips takluk, matematika siap",7,2024-01-29 18:22:51.722222224+00:00,23_matematika_ajar matematika_matematika...
549,24,"ikan, mangrove, pesisir, laut, ipb university",10,2024-01-29 18:22:51.722222224+00:00,24_ikan_laut_ilmu laut_mangrove
550,25,"intern, internship, apply intern, intern kampus, donat",10,2024-01-29 18:22:51.722222224+00:00,25_internship_internship kampus_intern_i...
551,27,"unilak, pakai makin, mu dunia, tunjang potensi, personality",2,2024-01-29 18:22:51.722222224+00:00,27_kewirausahaan_wirausaha_wirausaha mer...
552,28,"teladan daerah, adopsi prioritas, daerah adopsi, ganjar terus, prioritas terima",1,2024-01-29 18:22:51.722222224+00:00,28_rumah sakit_adopsi_delapansmangat_del...
553,29,"lkpp, roadshow sosialisasi, daring daftar, sosialisasi snpmb, daftar snbp",11,2024-01-29 18:22:51.722222224+00:00,29_barangjasa_ada barangjasa_ppdb_lkpp
554,30,"kembang seluruh, harap konsep, padu lanjut, konsep kembang, desain inovatif",3,2024-01-29 18:22:51.722222224+00:00,30_inovasi_serentak inovasi_inovasi wuju...
